Entity,Year,gini,reporting_gdp
Albania,1996,0.27010342,1633.551572
Albania,2002,0.317389798,2247.497491
Albania,2005,0.305956557,2675.507936
Albania,2008,0.299846704,3298.478044
Albania,2012,0.289604846,3736.339101
Albania,2014,0.345988965,3855.759734
Albania,2015,0.327537318,3952.802538
Albania,2016,0.337362987,4090.371657
Albania,2017,0.330556627,4249.803734
Albania,2018,0.301482817,4431.539181
Albania,2019,0.30771739,4544.515005
Algeria,1988,0.401949092,3128.337533
Algeria,1995,0.353300543,2834.265193
Algeria,2011,0.276157309,3956.895815
Angola,2000,0.519568925,2451.509826
Angola,2008,0.42715515,4077.776844
Angola,2018,0.512721112,3595.106667
Argentina - urban,1980,0.408308605,10318.18299
Argentina - urban,1986,0.42808887,9412.994813
Argentina - urban,1987,0.452763661,9517.10861
Argentina - urban,1991,0.467617391,8769.7504
Argentina - urban,1992,0.45468093,9338.699517
Argentina - urban,1993,0.448562859,9974.004419
Argentina - urban,1994,0.459168036,10423.37888
Argentina - urban,1995,0.489044033,10003.09169
Argentina - urban,1996,0.495244294,10430.68249
Argentina - urban,1997,0.491104752,11146.72103
Argentina - urban,1998,0.507336438,11445.56494
Argentina - urban,1999,0.497920414,10935.64459
Argentina - urban,2000,0.510639577,10730.60822
Argentina - urban,2001,0.53343106,10146.10682
Argentina - urban,2002,0.537937583,8943.308002
Argentina - urban,2003,0.50897157,9629.844086
Argentina - urban,2004,0.483770346,10389.15127
Argentina - urban,2005,0.477073551,11192.17958
Argentina - urban,2006,0.4634608,11970.65539
Argentina - urban,2007,0.461735563,12919.23536
Argentina - urban,2008,0.448767903,13310.62368
Argentina - urban,2009,0.43654197,12398.28358
Argentina - urban,2010,0.435832183,13551.33919
Argentina - urban,2011,0.426452806,14200.26989
Argentina - urban,2012,0.413261979,13895.63371
Argentina - urban,2013,0.409454422,14071.50868
Argentina - urban,2014,0.416327899,13567.94842
Argentina - urban,2016,0.420325289,13360.21183
Argentina - urban,2017,0.411344884,13595.03736
Argentina - urban,2018,0.413424984,13105.39716
Argentina - urban,2019,0.429058504,12712.97074
Argentina - urban,2020,0.423432911,11344.40574
Armenia,1996,0.44418623,1030.463922
Armenia,1999,0.362197243,1210.362395
Armenia,2001,0.35364359,1422.476654
Armenia,2002,0.347796743,1619.112189
Armenia,2003,0.330280869,1855.596827
Armenia,2004,0.375056325,2062.203233
Armenia,2005,0.359923534,2364.175935
Armenia,2006,0.297099848,2697.018983
Armenia,2007,0.312260583,3093.36934
Armenia,2008,0.291881417,3335.244164
Armenia,2009,0.280158774,2884.33947
Armenia,2010,0.299925823,2958.838999
Armenia,2011,0.293529458,3098.742304
Armenia,2012,0.296022614,3312.980008
Armenia,2013,0.305796632,3406.536118
Armenia,2014,0.314832907,3511.225059
Armenia,2015,0.323567718,3607.289299
Armenia,2016,0.325479484,3601.469664
Armenia,2017,0.336218374,3860.218058
Armenia,2018,0.344334977,4051.384967
Armenia,2019,0.298782071,4350.466198
Armenia,2020,0.251717426,4021.046264
Australia,1981,0.31325787,31570.85325
Australia,1985,0.324976853,33381.14964
Australia,1989,0.331538347,36602.73355
Australia,1995,0.325819904,39713.23155
Australia,2001,0.334647977,46496.02307
Australia,2003,0.335005161,48718.12971
Australia,2004,0.330574095,49885.99857
Australia,2008,0.354285083,53282.27691
Australia,2010,0.346567276,53825.47239
Australia,2014,0.343994314,56506.50059
Australia,2016,0.336858105,57527.17703
Australia,2018,0.343337622,58614.14965
Austria,1987,0.230444933,28359.31061
Austria,1994,0.313223423,32949.56376
Austria,1995,0.310592689,33776.89854
Austria,1997,0.302298534,35206.72616
Austria,2000,0.288371061,38827.2726
Austria,2003,0.294660779,39799.21308
Austria,2004,0.297889898,40634.8816
Austria,2005,0.287154333,41264.67242
Austria,2006,0.295875829,42479.26415
Austria,2007,0.305799959,43920.04645
Austria,2008,0.304373858,44422.18747
Austria,2009,0.314962324,42638.04137
Austria,2010,0.302522631,43317.08506
Austria,2011,0.308016687,44433.12737
Austria,2012,0.304763178,44531.96912
Austria,2013,0.307531331,44281.56633
Austria,2014,0.305356828,44227.37868
Austria,2015,0.30532775,44178.04738
Austria,2016,0.30797074,44572.32282
Austria,2017,0.29737585,45263.51656
Austria,2018,0.308487901,46170.39489
Austria,2019,0.302115515,46650.98628
Azerbaijan,1995,0.346502852,1102.459147
Azerbaijan,2001,0.364549364,1614.792116
Azerbaijan,2002,0.252776662,1754.073606
Azerbaijan,2003,0.268328779,1918.543633
Azerbaijan,2004,0.266215925,2077.812262
Azerbaijan,2005,0.265549077,2631.758979
Bangladesh,1983,0.258764899,475.8682072
Bangladesh,1988,0.288465469,496.082735
Bangladesh,1991,0.275708056,525.8258304
Bangladesh,1995,0.329429829,579.0776954
Bangladesh,2000,0.334065309,663.9878064
Bangladesh,2005,0.332012921,789.3048066
Bangladesh,2010,0.321303194,998.4658223
Bangladesh,2016,0.323852725,1363.278252
Belarus,1993,0.216037193,2373.890521
Belarus,1995,0.287617308,1886.477425
Belarus,1998,0.320183498,2370.186467
Belarus,1999,0.317381486,2461.826851
Belarus,2000,0.311674836,2616.912993
Belarus,2001,0.305767237,2754.66447
Belarus,2002,0.303362442,2912.123361
Belarus,2003,0.288210118,3139.120986
Belarus,2004,0.264798851,3522.489851
Belarus,2005,0.275534107,3880.01437
Belarus,2006,0.28275443,4294.228672
Belarus,2007,0.296123799,4684.980291
Belarus,2008,0.278260446,5180.712344
Belarus,2009,0.276893063,5203.854887
Belarus,2010,0.285665998,5621.937175
Belarus,2011,0.271525517,5938.22068
Belarus,2012,0.26526199,6047.871129
Belarus,2013,0.265750525,6110.904667
Belarus,2014,0.271766668,6212.912772
Belarus,2015,0.256332263,5967.052204
Belarus,2016,0.253066162,5811.197944
Belarus,2017,0.2544457,5964.892944
Belarus,2018,0.252405254,6165.90933
Belarus,2019,0.252778477,6264.860965
Belarus,2020,0.243833552,6234.824328
Belgium,1985,0.252038515,25559.20837
Belgium,1988,0.25714683,27760.88548
Belgium,1992,0.249518773,30192.41913
Belgium,1995,0.284122689,31317.29498
Belgium,1997,0.268325629,32791.17059
Belgium,2000,0.331375589,35660.44716
Belgium,2003,0.281439485,36602.6573
Belgium,2004,0.30541503,37746.09829
Belgium,2005,0.293373291,38410.60159
Belgium,2006,0.280544964,39132.02306
Belgium,2007,0.292379744,40274.0279
Belgium,2008,0.283740114,40135.70565
Belgium,2009,0.285513502,39009.52956
Belgium,2010,0.283751912,39761.9314
Belgium,2011,0.280606956,39913.04049
Belgium,2012,0.274910949,39959.5003
Belgium,2013,0.276692012,39954.24627
Belgium,2014,0.281341459,40405.16818
Belgium,2015,0.277294625,40991.80814
Belgium,2016,0.275809819,41301.40652
Belgium,2017,0.273879678,41808.94556
Belgium,2018,0.272144137,42376.20576
Belgium,2019,0.272198008,43053.78859
Belize,1993,0.60253986,3964.86098
Belize,1994,0.609084287,3891.317253
Belize,1995,0.575542832,3816.424687
Belize,1996,0.565936851,3749.615279
Belize,1997,0.604253153,3743.836334
Belize,1998,0.549060262,3737.576948
Belize,1999,0.532627659,3917.15496
Benin,2003,0.385781991,942.9185879
Benin,2011,0.434397071,989.7673545
Benin,2015,0.477559141,1076.796698
Benin,2018,0.378086,1155.313168
Bhutan,2003,0.408980009,1352.978958
Bhutan,2007,0.380907722,1840.271602
Bhutan,2012,0.388093271,2479.151723
Bhutan,2017,0.374414096,3040.937003
Bolivia,1997,0.581644284,2019.851607
Bolivia,1999,0.580970457,2048.026511
Bolivia,2000,0.616399151,2059.185276
Bolivia,2001,0.573987961,2054.330947
Bolivia,2002,0.593110391,2066.24164
Bolivia,2004,0.550098723,2131.307108
Bolivia,2005,0.585279334,2186.186676
Bolivia,2006,0.566676818,2251.274994
Bolivia,2007,0.545370687,2313.891217
Bolivia,2008,0.508160807,2414.973422
Bolivia,2009,0.492229627,2454.800303
Bolivia,2011,0.460809514,2602.71849
Bolivia,2012,0.465852318,2692.607496
Bolivia,2013,0.475987892,2830.673453
Bolivia,2014,0.478319912,2939.47746
Bolivia,2015,0.467399531,3035.971655
Bolivia,2016,0.452506611,3118.913682
Bolivia,2017,0.446161139,3203.004437
Bolivia,2018,0.425795049,3291.156355
Bolivia,2019,0.416496365,3317.370945
Bolivia,2020,0.436153288,2983.027049
Bolivia - urban,1990,0.420357227,1744.31199
Bolivia - urban,1992,0.491100534,1789.239985
Bosnia and Herzegovina,2001,0.299664485,2913.229504
Bosnia and Herzegovina,2004,0.340374901,3371.238912
Bosnia and Herzegovina,2007,0.330615865,3909.971505
Bosnia and Herzegovina,2011,0.330301859,4185.304033
Botswana,1985,0.542121055,2498.484201
Botswana,1993,0.607906504,3757.02329
Botswana,2002,0.64731308,4683.955857
Botswana,2009,0.604590468,5286.574918
Botswana,2015,0.533250267,6402.910183
Brazil,1981,0.579308511,6079.244038
Brazil,1982,0.584171057,5987.820545
Brazil,1983,0.589880113,5679.897404
Brazil,1984,0.583760414,5853.897259
Brazil,1985,0.555867915,6178.523915
Brazil,1986,0.584646133,6504.975723
Brazil,1987,0.596927904,6601.58908
Brazil,1988,0.614283584,6471.952726
Brazil,1989,0.632951253,6553.238049
Brazil,1990,0.604872725,6155.645373
Brazil,1992,0.531729559,5974.590065
Brazil,1993,0.601188215,6165.316865
Brazil,1995,0.595697247,6584.739221
Brazil,1996,0.59888907,6624.100372
Brazil,1997,0.597996583,6742.711741
Brazil,1998,0.596072313,6662.853439
Brazil,1999,0.589915929,6595.616099
Brazil,2001,0.584133277,6788.576562
Brazil,2002,0.581136431,6904.625307
Brazil,2003,0.575627919,6896.137194
Brazil,2004,0.564787516,7206.261798
Brazil,2005,0.563162962,7352.282586
Brazil,2006,0.556473171,7560.70204
Brazil,2007,0.549277443,7936.824428
Brazil,2008,0.5404328,8258.615884
Brazil,2009,0.536872336,8169.26242
Brazil,2011,0.529475926,8965.620557
Brazil,2012,0.534398527,9056.580438
Brazil,2013,0.526865403,9247.573381
Brazil,2014,0.520331403,9214.977244
Brazil,2015,0.519308287,8813.989806
Brazil,2016,0.533428448,8455.312342
Brazil,2017,0.5333405,8498.293906
Brazil,2018,0.538709474,8582.338637
Brazil,2019,0.534857704,8638.282907
Brazil,2020,0.488803809,8228.78051
Bulgaria,1989,0.234271846,4784.054646
Bulgaria,1992,0.30714308,3836.763954
Bulgaria,1994,0.243219703,3892.711068
Bulgaria,1995,0.32772338,4021.722817
Bulgaria,1997,0.263782426,3674.931817
Bulgaria,2001,0.326821614,3937.434865
Bulgaria,2003,0.289179044,4518.87825
Bulgaria,2006,0.357025734,5629.419867
Bulgaria,2007,0.281363414,6044.759412
Bulgaria,2008,0.335731274,6459.640912
Bulgaria,2009,0.338231988,6288.67741
Bulgaria,2010,0.356535721,6427.810062
Bulgaria,2011,0.342786077,6605.08982
Bulgaria,2012,0.360139231,6693.612364
Bulgaria,2013,0.365736454,6693.450153
Bulgaria,2014,0.374185684,6796.689119
Bulgaria,2015,0.385673472,7074.681023
Bulgaria,2016,0.405910637,7341.047614
Bulgaria,2017,0.403790468,7599.124957
Bulgaria,2018,0.41284099,7859.678037
Bulgaria,2019,0.40271384,8234.781334
Burkina Faso,1994,0.480724934,355.1484195
Burkina Faso,1998,0.499439699,425.5691791
Burkina Faso,2003,0.432525114,484.097061
Burkina Faso,2009,0.397622364,553.5166745
Burkina Faso,2014,0.353012275,647.4287022
Burkina Faso,2018,0.473471278,718.6425595
Burundi,1992,0.333338119,445.1049936
Burundi,1998,0.423165258,322.1519114
Burundi,2006,0.333598635,301.7906504
Burundi,2013,0.386248187,324.8286607
Cameroon,1996,0.444467581,1034.50787
Cameroon,2001,0.421367941,1124.432314
Cameroon,2007,0.428200629,1248.662599
Cameroon,2014,0.466408738,1343.928455
Canada,1971,0.37257143,19780.48895
Canada,1975,0.332983624,22541.49907
Canada,1981,0.32438636,26028.86496
Canada,1987,0.31474026,28624.6615
Canada,1991,0.310210857,28287.87816
Canada,1994,0.312557361,29590.30578
Canada,1997,0.316309688,31222.72482
Canada,1998,0.331610293,31830.61711
Canada,2000,0.333439091,34121.60919
Canada,2004,0.337435608,37086.4493
Canada,2007,0.338410079,42097.43512
Canada,2010,0.335926034,41155.32364
Canada,2012,0.335390108,42315.80739
Canada,2013,0.337989822,42846.2842
Canada,2014,0.33157606,43635.09548
Canada,2015,0.337464825,43596.13554
Canada,2016,0.327018237,43536.9134
Canada,2017,0.333082063,44325.41678
Cape Verde,2001,0.524963032,1983.297558
Cape Verde,2007,0.471873889,2922.233072
Cape Verde,2015,0.423810874,3043.031382
Central African Republic,1992,0.613307461,469.4336437
Central African Republic,2008,0.562366082,480.4109001
Chad,2003,0.398245701,464.5002788
Chad,2011,0.433212117,700.6627053
Chad,2018,0.374991545,658.6888919
Chile,1987,0.562101581,4710.709892
Chile,1990,0.572491006,5470.479736
Chile,1992,0.548144893,6343.227129
Chile,1994,0.564335963,6877.434435
Chile,1996,0.54873679,7770.539111
Chile,1998,0.555220691,8481.752131
Chile,2000,0.52772009,8685.321794
Chile,2003,0.51489868,9321.218536
Chile,2006,0.472948164,10887.86378
Chile,2009,0.46991219,11273.6175
Chile,2011,0.460483497,12406.41357
Chile,2013,0.458311061,13333.34683
Chile,2015,0.443713277,13574.16924
Chile,2017,0.444410284,13590.99135
Chile,2020,0.449209395,12954.40535
China,1981,0.281640967,447.1189967
China,1984,0.271023016,596.200056
China,1987,0.293859583,786.8634917
China,1990,0.322266182,905.0308586
China,1993,0.338777995,1239.127184
China,1996,0.352276601,1653.430868
China,1999,0.387032152,2038.202874
China,2002,0.419857242,2557.887094
China,2005,0.409007668,3390.71017
China,2008,0.429650385,4711.635127
China,2010,0.437449533,5647.058752
China,2011,0.424092243,6152.686005
China,2012,0.422371658,6591.650851
China,2013,0.397363984,7056.410627
China,2014,0.391776523,7532.771996
China,2015,0.385953024,8016.431435
China,2016,0.384805186,8516.513699
China,2017,0.390757759,9053.212733
China,2018,0.384976421,9619.192484
China,2019,0.381683425,10155.41756
China - rural,1981,0.247292331,447.1189967
China - rural,1984,0.266861278,596.200056
China - rural,1987,0.29451064,786.8634917
China - rural,1990,0.305734705,905.0308586
China - rural,1993,0.321264639,1239.127184
China - rural,1996,0.336204405,1653.430868
China - rural,1999,0.353894188,2038.202874
China - rural,2002,0.380193538,2557.887094
China - rural,2005,0.358492019,3390.71017
China - rural,2008,0.393990501,4711.635127
China - rural,2010,0.406078874,5647.058752
China - rural,2011,0.38497447,6152.686005
China - rural,2012,0.394973467,6591.650851
China - rural,2013,0.339710112,7056.410627
China - rural,2014,0.337563904,7532.771996
China - rural,2015,0.332428073,8016.431435
China - rural,2016,0.331798376,8516.513699
China - rural,2017,0.342559863,9053.212733
China - rural,2018,0.335415647,9619.192484
China - rural,2019,0.326748621,10155.41756
China - urban,1981,0.184618573,447.1189967
China - urban,1984,0.177919784,596.200056
China - urban,1987,0.201993541,786.8634917
China - urban,1990,0.255946399,905.0308586
China - urban,1993,0.284663601,1239.127184
China - urban,1996,0.290892281,1653.430868
China - urban,1999,0.315475645,2038.202874
China - urban,2002,0.334609985,2557.887094
China - urban,2005,0.347987066,3390.71017
China - urban,2008,0.351543057,4711.635127
China - urban,2010,0.357445229,5647.058752
China - urban,2011,0.35559226,6152.686005
China - urban,2012,0.353533521,6591.650851
China - urban,2013,0.366862311,7056.410627
China - urban,2014,0.364296748,7532.771996
China - urban,2015,0.361562234,8016.431435
China - urban,2016,0.361248256,8516.513699
China - urban,2017,0.369419298,9053.212733
China - urban,2018,0.369061327,9619.192484
China - urban,2019,0.370525572,10155.41756
Colombia,1992,0.514536725,3714.618797
Colombia,1996,0.569369082,4129.050332
Colombia,1999,0.587396001,3911.573386
Colombia,2000,0.58682893,3961.929723
Colombia,2001,0.574830396,3965.764058
Colombia,2002,0.560189005,4003.46582
Colombia,2003,0.535864778,4099.306376
Colombia,2004,0.549810497,4257.162686
Colombia,2005,0.539133393,4402.899082
Colombia,2008,0.553232461,4991.789212
Colombia,2009,0.542964151,4992.823174
Colombia,2010,0.546254766,5162.705636
Colombia,2011,0.534902914,5468.19554
Colombia,2012,0.526454824,5631.21737
Colombia,2013,0.526326364,5866.873788
Colombia,2014,0.52551015,6069.186783
Colombia,2015,0.509904209,6175.87603
Colombia,2016,0.505706771,6219.149691
Colombia,2017,0.497154848,6208.98702
Colombia,2018,0.504187041,6271.875121
Colombia,2019,0.513349741,6390.368057
Colombia,2020,0.541739756,5892.481636
Colombia - urban,1980,0.591267268,3202.730704
Colombia - urban,1988,0.531062511,3510.797927
Colombia - urban,1989,0.535924653,3559.632896
Colombia - urban,1991,0.513189056,3640.455025
Comoros,2004,0.559251602,1177.299239
Comoros,2014,0.453345947,1258.070703
Congo,2005,0.473305418,2171.443137
Congo,2011,0.489386705,2406.925446
Costa Rica,1981,0.474947622,5910.728782
Costa Rica,1986,0.344240454,5655.93881
Costa Rica,1989,0.455707618,5988.541082
Costa Rica,1990,0.453015441,6041.443913
Costa Rica,1991,0.466478502,6018.857305
Costa Rica,1992,0.457123974,6403.784665
Costa Rica,1993,0.46003164,6683.836169
Costa Rica,1994,0.467524085,6811.111868
Costa Rica,1995,0.457126848,6920.579041
Costa Rica,1996,0.465417409,6846.35762
Costa Rica,1997,0.456171152,7053.137427
Costa Rica,1998,0.456672232,7389.045113
Costa Rica,1999,0.476653323,7538.886252
Costa Rica,2000,0.474494719,7678.491551
Costa Rica,2001,0.515150664,7805.311928
Costa Rica,2002,0.518236307,7940.43018
Costa Rica,2003,0.493087,8157.651153
Costa Rica,2004,0.484239382,8395.40107
Costa Rica,2005,0.475137027,8606.333699
Costa Rica,2006,0.492852664,9109.530305
Costa Rica,2007,0.493142999,9725.38492
Costa Rica,2008,0.48645482,10052.6829
Costa Rica,2009,0.505601251,9837.876584
Costa Rica,2010,0.480459678,10236.98032
Costa Rica,2011,0.487621657,10559.20596
Costa Rica,2012,0.484190275,10945.03501
Costa Rica,2013,0.49152471,11090.08844
Costa Rica,2014,0.486341956,11355.3311
Costa Rica,2015,0.483761414,11642.77805
Costa Rica,2016,0.487060656,12004.67131
Costa Rica,2017,0.483465406,12375.92373
Costa Rica,2018,0.479685473,12573.95585
Costa Rica,2019,0.481878336,12735.09282
Costa Rica,2020,0.492503165,12105.92843
Cote d'Ivoire,1985,0.455262681,2164.419701
Cote d'Ivoire,1986,0.379697614,2150.603402
Cote d'Ivoire,1987,0.405100992,2064.787919
Cote d'Ivoire,1988,0.368862859,2013.614816
Cote d'Ivoire,1992,0.393857643,1771.774993
Cote d'Ivoire,1995,0.405638205,1723.157369
Cote d'Ivoire,1998,0.389599627,1933.073202
Cote d'Ivoire,2002,0.413400416,1679.406537
Cote d'Ivoire,2008,0.431837333,1596.255237
Cote d'Ivoire,2015,0.414748,1972.545683
Cote d'Ivoire,2018,0.371835636,2247.776609
Croatia,1998,0.287483605,8511.781858
Croatia,1999,0.277069422,8473.710544
Croatia,2000,0.313256437,8805.500395
Croatia,2001,0.311021619,9428.41072
Croatia,2004,0.296774046,10942.57241
Croatia,2008,0.337087724,12789.6358
Croatia,2009,0.331833481,11870.794
Croatia,2010,0.273541012,11748.94483
Croatia,2011,0.322574343,11779.52999
Croatia,2012,0.324751504,11546.70174
Croatia,2013,0.319954852,11536.86016
Croatia,2014,0.321071489,11543.87628
Croatia,2015,0.311153148,11933.37738
Croatia,2016,0.308997256,12441.50254
Croatia,2017,0.303545759,13021.67166
Croatia,2018,0.297294736,13519.55883
Croatia,2019,0.289090897,14068.04453
Cyprus,2004,0.300894008,24797.92016
Cyprus,2005,0.302594562,25629.58417
Cyprus,2006,0.311259618,26393.67865
Cyprus,2007,0.311132723,27154.90072
Cyprus,2008,0.317086618,27447.24093
Cyprus,2009,0.321088469,26181.7436
Cyprus,2010,0.314579286,26019.76438
Cyprus,2011,0.326255244,25466.1084
Cyprus,2012,0.343124334,24216.52852
Cyprus,2013,0.370419929,22682.26657
Cyprus,2014,0.35565653,22513.77926
Cyprus,2015,0.33966378,23408.33668
Cyprus,2016,0.328917954,24805.20256
Cyprus,2017,0.31416234,26013.83282
Cyprus,2018,0.32739861,27161.40335
Cyprus,2019,0.312242271,28211.06465
Czechia,1992,0.207032835,10238.24768
Czechia,1993,0.266047934,10233.94219
Czechia,1996,0.257990097,11711.31541
Czechia,2002,0.265550951,12959.81748
Czechia,2004,0.2753318,14070.28046
Czechia,2005,0.269460429,14978.41319
Czechia,2006,0.267441556,15948.74529
Czechia,2007,0.259986894,16739.17872
Czechia,2008,0.262802722,17046.88503
Czechia,2009,0.261566746,16160.62056
Czechia,2010,0.266235138,16505.9537
Czechia,2011,0.263813431,16761.82731
Czechia,2012,0.261100175,16606.99254
Czechia,2013,0.264739033,16593.86423
Czechia,2014,0.259232209,16951.37912
Czechia,2015,0.25867433,17829.69832
Czechia,2016,0.254063329,18247.01173
Czechia,2017,0.248522097,19139.23988
Czechia,2018,0.249903408,19685.49448
Czechia,2019,0.252621969,20202.15159
Democratic Republic of Congo,2004,0.421636322,353.7318996
Democratic Republic of Congo,2012,0.420997092,432.6784074
Denmark,1987,0.262350397,38585.40285
Denmark,1992,0.246938104,40383.55878
Denmark,1995,0.229558964,43310.25009
Denmark,2000,0.237663197,49241.928
Denmark,2003,0.256316711,49599.99696
Denmark,2004,0.249127965,50792.00095
Denmark,2005,0.251868891,51835.83271
Denmark,2006,0.25913077,53687.44155
Denmark,2007,0.26184259,53935.87025
Denmark,2008,0.252465008,53345.35762
Denmark,2009,0.267015601,50457.23249
Denmark,2010,0.271985592,51173.46616
Denmark,2011,0.273117461,51644.46351
Denmark,2012,0.277907505,51567.04015
Denmark,2013,0.285437629,51831.79793
Denmark,2014,0.283528792,52404.76397
Denmark,2015,0.281774465,53254.85637
Denmark,2016,0.281874407,54556.06895
Denmark,2017,0.287466614,55735.7649
Denmark,2018,0.281663362,56563.48847
Denmark,2019,0.277236462,57553.13124
Djibouti,2002,0.39997839,1772.395149
Djibouti,2012,0.451342527,2312.287296
Djibouti,2013,0.441270749,2386.248188
Djibouti,2017,0.415879916,2893.758813
Dominican Republic,1986,0.477807972,2727.821612
Dominican Republic,1989,0.504578658,3020.064764
Dominican Republic,1992,0.513597609,3028.106038
Dominican Republic,1996,0.474344406,3480.274229
Dominican Republic,1997,0.489238581,3727.800214
Dominican Republic,2000,0.515212021,4209.411868
Dominican Republic,2001,0.499992259,4249.100081
Dominican Republic,2002,0.496775186,4375.789832
Dominican Republic,2003,0.52127291,4255.766209
Dominican Republic,2004,0.520562049,4304.770081
Dominican Republic,2005,0.499682092,4647.037875
Dominican Republic,2006,0.51963103,5006.552377
Dominican Republic,2007,0.488593715,5308.632394
Dominican Republic,2008,0.48109169,5409.947949
Dominican Republic,2009,0.488758412,5393.470287
Dominican Republic,2010,0.473265993,5771.918418
Dominican Republic,2011,0.47706905,5881.135421
Dominican Republic,2012,0.461337531,5969.352761
Dominican Republic,2013,0.476563933,6187.283014
Dominican Republic,2014,0.442800318,6547.307977
Dominican Republic,2015,0.451816364,6921.520594
Dominican Republic,2016,0.457239171,7300.033285
Dominican Republic,2017,0.421956153,7556.85365
Dominican Republic,2018,0.436866621,7997.761109
Dominican Republic,2019,0.419185651,8314.344819
Dominican Republic,2020,0.396412327,7677.710372
Ecuador,1994,0.53368962,4412.902079
Ecuador,1999,0.586019931,4243.872201
Ecuador,2000,0.563785176,4209.344979
Ecuador,2003,0.535286921,4440.729795
Ecuador,2004,0.539319908,4725.232443
Ecuador,2005,0.530584801,4892.691322
Ecuador,2006,0.522514048,5023.291052
Ecuador,2007,0.533634508,5048.144555
Ecuador,2008,0.497934696,5280.71364
Ecuador,2009,0.485059901,5224.838337
Ecuador,2010,0.488044339,5323.737482
Ecuador,2011,0.458774819,5654.92807
Ecuador,2012,0.461219409,5885.099861
Ecuador,2013,0.468649031,6084.443907
Ecuador,2014,0.449950496,6218.239195
Ecuador,2015,0.459542949,6124.490887
Ecuador,2016,0.450200688,5947.00199
Ecuador,2017,0.446730295,5981.132618
Ecuador,2018,0.454402996,5952.218084
Ecuador,2019,0.457115331,5853.81306
Ecuador,2020,0.473112741,5317.677257
Ecuador - urban,1987,0.504919651,4136.933598
Ecuador - urban,1995,0.509650726,4414.928258
Ecuador - urban,1998,0.4965703,4543.999832
Egypt,1990,0.32003941,2039.852078
Egypt,1995,0.301269603,2216.948207
Egypt,1999,0.327615026,2556.229183
Egypt,2004,0.318475454,2794.458283
Egypt,2008,0.311024361,3336.028058
Egypt,2010,0.301914577,3478.940246
Egypt,2012,0.282922028,3470.308563
Egypt,2015,0.318233581,3600.913793
Egypt,2017,0.315339528,3771.901744
El Salvador,1991,0.53951898,2409.031402
El Salvador,1995,0.498797371,2839.205247
El Salvador,1996,0.509821756,2831.387605
El Salvador,1998,0.545157114,2941.940446
El Salvador,1999,0.52197689,2981.341729
El Salvador,2000,0.514743677,2992.900789
El Salvador,2001,0.513704391,2999.323904
El Salvador,2002,0.518704917,3028.546202
El Salvador,2003,0.504976926,3059.566387
El Salvador,2004,0.478196845,3071.545804
El Salvador,2005,0.484849325,3140.032963
El Salvador,2006,0.456925592,3261.763941
El Salvador,2007,0.452179942,3308.049627
El Salvador,2008,0.46885679,3364.100436
El Salvador,2009,0.458250861,3280.020388
El Salvador,2010,0.435141284,3334.932842
El Salvador,2011,0.4231836,3447.350131
El Salvador,2012,0.418292768,3528.867124
El Salvador,2013,0.43358963,3591.427069
El Salvador,2014,0.415598414,3636.010312
El Salvador,2015,0.405519418,3705.579704
El Salvador,2016,0.399785802,3781.378574
El Salvador,2017,0.380071879,3846.973934
El Salvador,2018,0.386105712,3920.526278
El Salvador,2019,0.387787639,3993.529062
Estonia,1993,0.395034482,6803.676686
Estonia,1995,0.300647959,7134.660923
Estonia,1998,0.376430764,9153.382982
Estonia,2000,0.357843981,9956.134274
Estonia,2001,0.360124548,10621.30694
Estonia,2002,0.357915744,11412.57736
Estonia,2003,0.349096243,12357.27768
Estonia,2004,0.353781887,13277.20489
Estonia,2005,0.334489426,14625.50435
Estonia,2006,0.336710717,16148.71176
Estonia,2007,0.311801582,17452.07837
Estonia,2008,0.319170781,16600.89051
Estonia,2009,0.314436122,14199.68319
Estonia,2010,0.320012011,14579.974
Estonia,2011,0.324916332,15686.47909
Estonia,2012,0.329157605,16250.93541
Estonia,2013,0.350797851,16546.72749
Estonia,2014,0.345915563,17089.77037
Estonia,2015,0.326703299,17395.04062
Estonia,2016,0.311968259,17938.72927
Estonia,2017,0.303550262,18954.78591
Estonia,2018,0.303214513,19669.76485
Estonia,2019,0.307675428,20399.56934
Eswatini,1994,0.604547258,2269.52505
Eswatini,2000,0.531135202,2471.558841
Eswatini,2009,0.514526044,3205.875216
Eswatini,2016,0.545797937,3686.215665
Ethiopia,1995,0.445645132,254.055719
Ethiopia,1999,0.299757967,257.9901016
Ethiopia,2004,0.29806853,297.5449254
Ethiopia,2010,0.331706008,470.9552753
Ethiopia,2015,0.349931232,660.6060113
Ethiopia - rural,1981,0.324249563,300.758668
Fiji,2002,0.381020545,4300.641278
Fiji,2008,0.403755861,4532.013247
Fiji,2013,0.366965967,4901.89758
Fiji,2019,0.307068674,5869.021144
Finland,1987,0.221713987,28399.45168
Finland,1991,0.228797617,29266.59144
Finland,1995,0.23459137,29900.87062
Finland,2000,0.271566266,37869.1588
Finland,2003,0.276866041,40028.20388
Finland,2004,0.278977659,41505.47988
Finland,2005,0.276195937,42513.519
Finland,2006,0.279990754,44056.30967
Finland,2007,0.282855715,46194.05983
Finland,2008,0.278382083,46339.98058
Finland,2009,0.274554457,42395.04483
Finland,2010,0.27714088,43546.05619
Finland,2011,0.276428194,44448.93852
Finland,2012,0.270966304,43619.70304
Finland,2013,0.271939589,43027.68962
Finland,2014,0.26776976,42693.74812
Finland,2015,0.271020423,42784.69836
Finland,2016,0.270784844,43861.32391
Finland,2017,0.273830854,45155.46603
Finland,2018,0.273297728,45610.57926
Finland,2019,0.277373299,46116.52771
France,1978,0.351675048,22593.2059
France,1984,0.368579815,24564.04948
France,1989,0.321712496,27843.40811
France,1994,0.323305249,29225.95045
France,2000,0.310860624,33583.85744
France,2003,0.314111173,34176.55573
France,2004,0.306473396,34885.84386
France,2005,0.29834014,35199.73432
France,2006,0.296910916,35811.34379
France,2007,0.324277274,36453.43482
France,2008,0.329964768,36342.70399
France,2009,0.326612694,35117.32352
France,2010,0.337204815,35625.47404
France,2011,0.332947505,36230.96922
France,2012,0.331148587,36168.93936
France,2013,0.325126351,36190.61048
France,2014,0.32262184,36363.99158
France,2015,0.327043351,36638.18493
France,2016,0.319237441,36941.93624
France,2017,0.316320654,37678.9273
France,2018,0.323806885,38276.46942
Gabon,2005,0.421849864,7504.259959
Gabon,2017,0.380243723,7145.117564
Gambia,1998,0.485194646,690.9004003
Gambia,2003,0.473316241,724.470294
Gambia,2010,0.435684335,753.1767906
Gambia,2015,0.35918831,660.7235712
Georgia,1996,0.371327073,1191.181062
Georgia,1997,0.40696073,1359.392793
Georgia,1998,0.412500082,1436.711916
Georgia,1999,0.401497665,1508.656511
Georgia,2000,0.404781133,1566.560257
Georgia,2001,0.395741324,1667.508007
Georgia,2002,0.372493777,1774.636442
Georgia,2003,0.366550826,1984.244331
Georgia,2004,0.361753568,2112.261319
Georgia,2005,0.37379339,2329.570854
Georgia,2006,0.368686238,2563.543091
Georgia,2007,0.381130823,2901.104094
Georgia,2008,0.385348533,2980.309535
Georgia,2009,0.382374032,2897.130877
Georgia,2010,0.394614637,3100.723427
Georgia,2011,0.395957157,3356.997868
Georgia,2012,0.38954768,3597.203764
Georgia,2013,0.385890191,3738.70504
Georgia,2014,0.375541344,3902.568799
Georgia,2015,0.365036756,4014.185944
Georgia,2016,0.366396489,4128.385603
Georgia,2017,0.379397331,4327.727585
Georgia,2018,0.364113631,4539.087522
Georgia,2019,0.359007652,4773.423309
Georgia,2020,0.344651871,4458.102011
Germany,1991,0.294398475,30754.55822
Germany,1992,0.291688769,31108.55743
Germany,1993,0.28675587,30602.8305
Germany,1994,0.292444552,31226.31856
Germany,1995,0.289876628,31615.44279
Germany,1996,0.283749419,31778.08441
Germany,1997,0.283144724,32300.30457
Germany,1998,0.282861958,32945.82141
Germany,1999,0.291181605,33545.90584
Germany,2000,0.289400222,34476.20803
Germany,2001,0.300966951,34996.99124
Germany,2002,0.299411363,34869.03232
Germany,2003,0.300628368,34605.74422
Germany,2004,0.302880037,35019.99414
Germany,2005,0.318065533,35296.27286
Germany,2006,0.311941216,36684.6907
Germany,2007,0.313695959,37827.14217
Germany,2008,0.309044437,38262.9221
Germany,2009,0.304794277,36175.84148
Germany,2010,0.30319774,37745.73075
Germany,2011,0.30847554,39961.26765
Germany,2012,0.310557889,40053.2429
Germany,2013,0.314524666,40118.87838
Germany,2014,0.308718557,40834.73633
Germany,2015,0.315833424,41086.72967
Germany,2016,0.315743259,41665.27277
Germany,2017,0.312019051,42622.40993
Germany,2018,0.316984109,42956.01129
Ghana,1987,0.353495778,847.1364371
Ghana,1988,0.359935409,869.4706255
Ghana,1991,0.384372308,911.5963092
Ghana,1998,0.400726244,1009.472437
Ghana,2005,0.427655359,1175.86166
Ghana,2012,0.423732053,1686.069544
Ghana,2016,0.43520879,1793.180856
Greece,1995,0.369755724,15940.48145
Greece,2000,0.342391949,18635.38697
Greece,2003,0.32762338,21096.43844
Greece,2004,0.3359099,22109.35842
Greece,2005,0.345982328,22176.69644
Greece,2006,0.351238048,23359.95667
Greece,2007,0.339535755,24063.32124
Greece,2008,0.335893624,23919.08815
Greece,2009,0.336190574,22830.26326
Greece,2010,0.341033282,21551.68438
Greece,2011,0.34849412,19393.00707
Greece,2012,0.362510008,18116.38395
Greece,2013,0.361273606,17789.10216
Greece,2014,0.358095055,17993.18087
Greece,2015,0.360002595,18076.60676
Greece,2016,0.349586399,18063.51485
Greece,2017,0.343520211,18296.9479
Greece,2018,0.328912053,18639.99795
Greece,2019,0.331044562,18996.188
Guatemala,1986,0.582569038,2647.957698
Guatemala,1989,0.59598774,2725.106751
Guatemala,2000,0.54176521,3195.39434
Guatemala,2006,0.545707214,3427.678267
Guatemala,2014,0.482785895,3903.059615
Guinea,1991,0.468430484,554.0437371
Guinea,1994,0.460816095,576.6893925
Guinea,2002,0.430041636,657.2217812
Guinea,2007,0.393553469,683.9001161
Guinea,2012,0.337297046,737.7130522
Guinea,2018,0.29591953,920.9642433
Guinea-Bissau,1993,0.436102263,677.9988269
Guinea-Bissau,2002,0.355697459,559.5562081
Guinea-Bissau,2010,0.506642399,585.691609
Guinea-Bissau,2018,0.347652304,637.5466812
Guyana,1992, ,2721.537425
Guyana,1998,0.451181417,3756.303212
Haiti,2001,0.594766184,1287.326181
Haiti,2012,0.411037737,1338.847477
Honduras,1989,0.594901486,1728.697388
Honduras,1990,0.573567273,1726.537337
Honduras,1991,0.518506698,1622.315882
Honduras,1992,0.518284552,1672.918454
Honduras,1993,0.53467448,1732.13298
Honduras,1994,0.550101702,1687.456858
Honduras,1995,0.554854765,1741.666305
Honduras,1996,0.557215636,1724.174621
Honduras,1997,0.527339999,1752.476547
Honduras,1998,0.574254285,1764.408913
Honduras,1999,0.553513401,1703.041958
Honduras,2001,0.553607194,1778.350661
Honduras,2002,0.55730958,1797.890101
Honduras,2003,0.581212507,1832.809077
Honduras,2004,0.581339135,1899.81477
Honduras,2005,0.595115911,1967.217298
Honduras,2006,0.575427779,2048.267568
Honduras,2007,0.558203073,2126.491634
Honduras,2008,0.55499907,2168.587491
Honduras,2009,0.512833228,2071.770755
Honduras,2010,0.530870659,2106.002756
Honduras,2011,0.525597856,2144.69981
Honduras,2012,0.533707098,2191.888954
Honduras,2013,0.499597518,2212.660108
Honduras,2014,0.498785863,2240.334719
Honduras,2015,0.49249893,2286.203037
Honduras,2016,0.498118602,2334.75241
Honduras,2017,0.494455265,2406.747191
Honduras,2018,0.489377845,2457.966708
Honduras,2019,0.481681674,2482.120205
Honduras - urban,1986,0.550930297,1693.181616
Hungary,1987,0.209600307,8755.125395
Hungary,1989,0.250477788,8888.082772
Hungary,1991,0.296339535,7592.284598
Hungary,1993,0.279409738,7328.460343
Hungary,1994,0.332893951,7554.775533
Hungary,1998,0.263819211,8284.998774
Hungary,1999,0.27635403,8563.656463
Hungary,2000,0.272205813,8970.511234
Hungary,2001,0.269244844,9357.417441
Hungary,2002,0.268378903,9829.027463
Hungary,2003,0.309257555,10259.84194
Hungary,2004,0.300224274,10796.76186
Hungary,2005,0.301910202,11282.92991
Hungary,2006,0.289589177,11746.63121
Hungary,2007,0.311550914,11797.42897
Hungary,2008,0.275140432,11937.04911
Hungary,2009,0.269596398,11167.02945
Hungary,2010,0.294442259,11313.52289
Hungary,2011,0.291583423,11556.67264
Hungary,2012,0.308041866,11470.40343
Hungary,2013,0.315041022,11709.80143
Hungary,2014,0.309176611,12237.31167
Hungary,2015,0.304082302,12720.71202
Hungary,2016,0.303276185,13037.96469
Hungary,2017,0.305841235,13630.68824
Hungary,2018,0.296120444,14379.4442
Hungary,2019,0.299504728,15041.09858
Iceland,2003,0.26836037,43763.77561
Iceland,2004,0.279821402,46766.01687
Iceland,2005,0.290024469,48850.76586
Iceland,2006,0.302451505,50731.69069
Iceland,2007,0.294709597,53646.36902
Iceland,2008,0.317892785,53821.47082
Iceland,2009,0.2865641,49527.39883
Iceland,2010,0.261716196,48193.7014
Iceland,2011,0.268307995,48933.54566
Iceland,2012,0.267694247,49191.57442
Iceland,2013,0.254029149,50946.81626
Iceland,2014,0.278004157,51233.24405
Iceland,2015,0.267879714,52951.68151
Iceland,2016,0.272411053,55513.6423
Iceland,2017,0.261315802,56501.45768
India,1977,0.333366472,383.9378068
India,1983,0.321009937,420.573546
India,1987,0.325741643,461.0988529
India,1993,0.316961836,556.4713217
India,2004,0.344063046,884.5398856
India,2009,0.353803358,1145.143244
India,2011,0.357125753,1280.707408
India,2015,0.347064363,1580.05946
India,2016,0.347732336,1690.889918
India,2017,0.359430473,1792.377676
India,2018,0.345896863,1890.759172
India,2019,0.357338571,1958.427183
India - rural,1977,0.341956561,383.9378068
India - rural,1983,0.300593398,420.573546
India - rural,1987,0.301336893,461.0988529
India - rural,1993,0.285865678,556.4713217
India - rural,2004,0.304535764,884.5398856
India - rural,2009,0.299503037,1145.143244
India - rural,2011,0.311275224,1280.707408
India - rural,2015,0.312638052,1580.05946
India - rural,2016,0.310115298,1690.889918
India - rural,2017,0.312733027,1792.377676
India - rural,2018,0.310533577,1890.759172
India - rural,2019,0.308629546,1958.427183
India - urban,1977,0.357415496,383.9378068
India - urban,1983,0.333268747,420.573546
India - urban,1987,0.35569307,461.0988529
India - urban,1993,0.343852311,556.4713217
India - urban,2004,0.376351735,884.5398856
India - urban,2009,0.393479737,1145.143244
India - urban,2011,0.39014429,1280.707408
India - urban,2015,0.378798629,1580.05946
India - urban,2016,0.38292568,1690.889918
India - urban,2017,0.395788816,1792.377676
India - urban,2018,0.362158274,1890.759172
India - urban,2019,0.393655915,1958.427183
Indonesia,1984,0.334559806,1204.336709
Indonesia,1987,0.314037701,1289.572732
Indonesia,1990,0.322712574,1487.84551
Indonesia,1993,0.331627988,1714.877579
Indonesia,1996,0.356251368,2054.385835
Indonesia,1998,0.321814319,1815.698066
Indonesia,1999,0.32078047,1804.705162
Indonesia,2000,0.29458434,1867.548796
Indonesia,2001,0.300239283,1909.291868
Indonesia,2002,0.328337979,1968.301128
Indonesia,2003,0.330267025,2034.761462
Indonesia,2004,0.338532798,2108.641795
Indonesia,2005,0.340578444,2199.093914
Indonesia,2006,0.353005561,2289.422012
Indonesia,2007,0.366646878,2402.667542
Indonesia,2008,0.360602546,2513.671592
Indonesia,2009,0.359931722,2595.298759
Indonesia,2010,0.372053374,2720.191622
Indonesia,2011,0.404581494,2849.354985
Indonesia,2012,0.40459641,2980.61011
Indonesia,2013,0.407911805,3104.348
Indonesia,2014,0.40175667,3217.317468
Indonesia,2015,0.40397369,3331.695115
Indonesia,2016,0.393002781,3456.928114
Indonesia,2017,0.38785263,3589.715543
Indonesia,2018,0.384103773,3732.867111
Indonesia,2019,0.376101221,3877.382977
Indonesia,2020,0.376054854,3756.907174
Indonesia,2021,0.379156501,3847.976479
Indonesia - rural,1984,0.29214717,1204.336709
Indonesia - rural,1987,0.277293256,1289.572732
Indonesia - rural,1990,0.26455078,1487.84551
Indonesia - rural,1993,0.26001828,1714.877579
Indonesia - rural,1996,0.275872084,2054.385835
Indonesia - rural,1998,0.256841505,1815.698066
Indonesia - rural,1999,0.247565357,1804.705162
Indonesia - rural,2000,0.241015255,1867.548796
Indonesia - rural,2001,0.239026339,1909.291868
Indonesia - rural,2002,0.255338199,1968.301128
Indonesia - rural,2003,0.253587074,2034.761462
Indonesia - rural,2004,0.265311108,2108.641795
Indonesia - rural,2005,0.279028489,2199.093914
Indonesia - rural,2006,0.289171738,2289.422012
Indonesia - rural,2007,0.301149382,2402.667542
Indonesia - rural,2008,0.29982853,2513.671592
Indonesia - rural,2009,0.29499848,2595.298759
Indonesia - rural,2010,0.315333077,2720.191622
Indonesia - rural,2011,0.340964716,2849.354985
Indonesia - rural,2012,0.329824014,2980.61011
Indonesia - rural,2013,0.320498625,3104.348
Indonesia - rural,2014,0.319144118,3217.317468
Indonesia - rural,2015,0.334184539,3331.695115
Indonesia - rural,2016,0.326553234,3456.928114
Indonesia - rural,2017,0.320454456,3589.715543
Indonesia - rural,2018,0.324441879,3732.867111
Indonesia - rural,2019,0.316865426,3877.382977
Indonesia - rural,2020,0.316691122,3756.907174
Indonesia - rural,2021,0.315338915,3847.976479
Indonesia - urban,1984,0.332934493,1204.336709
Indonesia - urban,1987,0.32775648,1289.572732
Indonesia - urban,1990,0.346628776,1487.84551
Indonesia - urban,1993,0.353532396,1714.877579
Indonesia - urban,1996,0.375496142,2054.385835
Indonesia - urban,1998,0.33776076,1815.698066
Indonesia - urban,1999,0.353750317,1804.705162
Indonesia - urban,2000,0.316502561,1867.548796
Indonesia - urban,2001,0.31758693,1909.291868
Indonesia - urban,2002,0.33938208,1968.301128
Indonesia - urban,2003,0.340120607,2034.761462
Indonesia - urban,2004,0.343056683,2108.641795
Indonesia - urban,2005,0.341898054,2199.093914
Indonesia - urban,2006,0.35517497,2289.422012
Indonesia - urban,2007,0.370758854,2402.667542
Indonesia - urban,2008,0.367170391,2513.671592
Indonesia - urban,2009,0.372020314,2595.298759
Indonesia - urban,2010,0.382047675,2720.191622
Indonesia - urban,2011,0.422169451,2849.354985
Indonesia - urban,2012,0.424808544,2980.61011
Indonesia - urban,2013,0.431065351,3104.348
Indonesia - urban,2014,0.427652618,3217.317468
Indonesia - urban,2015,0.427530637,3331.695115
Indonesia - urban,2016,0.410315153,3456.928114
Indonesia - urban,2017,0.406861311,3589.715543
Indonesia - urban,2018,0.400540195,3732.867111
Indonesia - urban,2019,0.392156686,3877.382977
Indonesia - urban,2020,0.392571906,3756.907174
Indonesia - urban,2021,0.400630642,3847.976479
Iran,1986,0.474196415,3438.613816
Iran,1990,0.436047776,3262.30458
Iran,1994,0.429983695,3592.069262
Iran,1998,0.440956434,3727.709207
Iran,2005,0.435586412,4614.078836
Iran,2006,0.447520372,4772.028495
Iran,2009,0.420500246,5098.989535
Iran,2013,0.373595078,4891.645348
Iran,2014,0.387832928,5000.615204
Iran,2015,0.394710043,4933.311385
Iran,2016,0.399651967,5358.099864
Iran,2017,0.408029421,5585.966766
Iran,2018,0.42003302,5293.754871
Iran,2019,0.409359684,4877.198873
Iraq,2006,0.286006124,3619.885906
Iraq,2012,0.29541857,4630.736522
Ireland,1987,0.354662027,18837.49982
Ireland,1994,0.369142046,25659.29594
Ireland,1995,0.370450923,27987.56149
Ireland,1996,0.356221354,29814.29968
Ireland,2000,0.330052052,41606.32174
Ireland,2002,0.322902564,44900.74643
Ireland,2003,0.328876228,45504.75195
Ireland,2004,0.336096378,47712.29281
Ireland,2005,0.337540111,49361.92019
Ireland,2006,0.327279551,50441.97552
Ireland,2007,0.319467716,51604.51863
Ireland,2008,0.309062183,48294.54102
Ireland,2009,0.326825484,45368.15623
Ireland,2010,0.322970953,45913.54544
Ireland,2011,0.328746936,46202.22879
Ireland,2012,0.332207517,45982.77713
Ireland,2013,0.334891901,46320.83716
Ireland,2014,0.318764525,49990.32605
Ireland,2015,0.318215398,61987.551
Ireland,2016,0.328075984,62543.46906
Ireland,2017,0.313598037,67397.11868
Ireland,2018,0.306029268,72578.43784
Israel,1979,0.363299758,17217.01363
Israel,1986,0.364905399,19763.10486
Israel,1992,0.355072544,22366.56659
Israel,1997,0.38097106,26362.15354
Israel,2001,0.389476621,28106.94512
Israel,2002,0.395594227,27492.562
Israel,2003,0.40722571,27310.96594
Israel,2004,0.414563007,28151.27189
Israel,2005,0.422676225,28809.64251
Israel,2006,0.415553224,29939.93719
Israel,2007,0.410986336,31207.60199
Israel,2008,0.416426794,31718.48915
Israel,2009,0.426339505,31323.31201
Israel,2010,0.425270246,32504.71335
Israel,2011,0.414441639,33678.13146
Israel,2012,0.416095964,33995.42769
Israel,2013,0.402248247,34960.94336
Israel,2014,0.397574889,35710.88627
Israel,2015,0.397195299,35808.43643
Israel,2016,0.390130153,36680.32213
Israel,2017,0.382020644,37550.72769
Israel,2018,0.385771738,38301.45366
Italy,1986,0.325164082,24291.37239
Italy,1987,0.345469739,25064.18548
Italy,1989,0.325733158,26967.0854
Italy,1991,0.314683259,27883.0271
Italy,1993,0.355378879,27839.923
Italy,1995,0.352380637,29253.32217
Italy,1998,0.366607869,30678.57155
Italy,2000,0.352528098,32337.89674
Italy,2003,0.349313086,32884.16342
Italy,2004,0.342951163,33137.1471
Italy,2005,0.338336056,33244.39755
Italy,2006,0.33697396,33738.12916
Italy,2007,0.328907356,34067.38703
Italy,2008,0.337701023,33516.87829
Italy,2009,0.338357704,31602.55897
Italy,2010,0.347213083,32045.28407
Italy,2011,0.350572145,32216.498
Italy,2012,0.351556106,31172.01976
Italy,2013,0.349118492,30245.46146
Italy,2014,0.346573283,29967.86442
Italy,2015,0.353974365,30230.2263
Italy,2016,0.352462496,30673.30784
Italy,2017,0.359280009,31231.66445
Italy,2018,0.352225706,31580.77718
Jamaica,1988,0.43155025,4037.095309
Jamaica,1990,0.411137354,4451.635114
Jamaica,1993,0.356734217,5070.834256
Jamaica,1996,0.403949023,5103.704612
Jamaica,1999,0.440801987,4839.287842
Jamaica,2002,0.483159626,4933.534334
Jamaica,2004,0.454574744,5120.929448
Japan,2008,0.348423151,33557.6454
Japan,2010,0.321003204,32942.20208
Japan,2013,0.328547286,34239.88625
Jordan,1986,0.360614298,4161.389983
Jordan,1992,0.433626242,3387.60815
Jordan,1997,0.364205558,3414.122228
Jordan,2002,0.369546163,3848.82356
Jordan,2006,0.338562536,4515.591134
Jordan,2008,0.325734503,4786.748451
Jordan,2010,0.336557303,4644.16937
Kazakhstan,1993,0.326657348,4453.564792
Kazakhstan,1996,0.353783081,3776.083915
Kazakhstan,2001,0.359647586,5055.313866
Kazakhstan,2002,0.3481114,5550.505632
Kazakhstan,2003,0.336914788,6046.328017
Kazakhstan,2004,0.318387585,6580.885049
Kazakhstan,2005,0.3982604,7155.343663
Kazakhstan,2006,0.302438652,7837.629145
Kazakhstan,2007,0.300840563,8438.104645
Kazakhstan,2008,0.284964438,8554.823573
Kazakhstan,2009,0.282088668,8487.54483
Kazakhstan,2010,0.279545118,8979.332284
Kazakhstan,2011,0.279838438,9506.734053
Kazakhstan,2012,0.281688218,9823.693897
Kazakhstan,2013,0.27065428,10264.29807
Kazakhstan,2014,0.270158598,10539.04468
Kazakhstan,2015,0.268036674,10510.77189
Kazakhstan,2016,0.272253251,10476.34757
Kazakhstan,2017,0.274502759,10758.52088
Kazakhstan,2018,0.277928746,11053.36206
Kenya,1992,0.574609623,1209.143326
Kenya,1994,0.431085715,1170.297096
Kenya,1997,0.449830766,1171.42511
Kenya,2005,0.464529249,1195.773841
Kenya,2015,0.407757725,1464.554009
Kiribati,2006,0.369730015,1495.663562
Kiribati,2019,0.27832703,1664.511519
Kosovo,2003,0.28953855,2376.358045
Kosovo,2005,0.312382299,2389.406702
Kosovo,2006,0.303216335,2440.598585
Kosovo,2009,0.317817157,2731.383164
Kosovo,2010,0.332543002,2843.380023
Kosovo,2011,0.278317484,2997.219354
Kosovo,2012,0.28972269,3021.367225
Kosovo,2013,0.263065917,3163.46018
Kosovo,2014,0.272701724,3279.039976
Kosovo,2015,0.264541532,3520.766449
Kosovo,2016,0.267211452,3739.181511
Kosovo,2017,0.290129438,3890.196168
Kyrgyzstan,1998,0.463719825,675.0604551
Kyrgyzstan,2000,0.310350127,718.3373488
Kyrgyzstan,2001,0.301639798,749.4197807
Kyrgyzstan,2002,0.303023869,742.4436884
Kyrgyzstan,2003,0.287086471,786.35182
Kyrgyzstan,2004,0.347734293,831.4843246
Kyrgyzstan,2005,0.325614308,820.7159801
Kyrgyzstan,2006,0.373812404,837.1337991
Kyrgyzstan,2007,0.339118217,900.0255139
Kyrgyzstan,2008,0.314506847,966.4153604
Kyrgyzstan,2009,0.29874916,982.3771732
Kyrgyzstan,2010,0.301339151,966.15073
Kyrgyzstan,2011,0.278398638,1011.315529
Kyrgyzstan,2012,0.273572741,993.7374233
Kyrgyzstan,2013,0.288154837,1080.54823
Kyrgyzstan,2014,0.268190038,1101.705332
Kyrgyzstan,2015,0.289979154,1121.082835
Kyrgyzstan,2016,0.267807679,1146.103221
Kyrgyzstan,2017,0.273350091,1177.438736
Kyrgyzstan,2018,0.276903271,1197.610724
Kyrgyzstan,2019,0.297012232,1226.824464
Kyrgyzstan,2020,0.289892735,1098.085364
Laos,1992,0.343097752,669.3389281
Laos,1997,0.3489544,835.7030636
Laos,2002,0.326201086,1015.790113
Laos,2007,0.353610349,1325.441644
Laos,2012,0.359635482,1795.137631
Laos,2018,0.388024338,2483.161575
Latvia,1993,0.269931311,4652.622422
Latvia,1995,0.30977489,4968.687059
Latvia,1996,0.316418652,5155.016925
Latvia,1997,0.343925918,5666.764769
Latvia,1998,0.33264853,6082.894323
Latvia,2002,0.350912337,7846.126584
Latvia,2003,0.365286016,8589.576063
Latvia,2004,0.349571283,9403.020838
Latvia,2005,0.389814837,10523.67968
Latvia,2006,0.356027663,11891.43762
Latvia,2007,0.360469299,13180.94534
Latvia,2008,0.358178987,12888.25214
Latvia,2009,0.348317406,11235.88167
Latvia,2010,0.350344102,10959.27048
Latvia,2011,0.357743693,11446.84698
Latvia,2012,0.352376885,12405.31807
Latvia,2013,0.355005706,12791.02264
Latvia,2014,0.35115233,13157.39161
Latvia,2015,0.342044352,13780.91355
Latvia,2016,0.343296299,14236.70623
Latvia,2017,0.355719346,14839.30822
Latvia,2018,0.350961514,15552.02045
Latvia,2019,0.344895389,16049.57936
Lebanon,2011,0.318324497,8773.738319
Lesotho,1986,0.560160591,504.0681019
Lesotho,1994,0.632403651,651.4401006
Lesotho,2002,0.515749236,746.9263337
Lesotho,2017,0.448797014,1132.009269
Liberia,2007,0.36477745,608.9904212
Liberia,2014,0.332378843,740.3759591
Liberia,2016,0.352654612,692.6188889
Lithuania,1993,0.336411363,5125.242585
Lithuania,1996,0.322603226,5228.157213
Lithuania,1998,0.32103118,6175.639727
Lithuania,1999,0.32015238,6148.609741
Lithuania,2000,0.316749339,6420.837953
Lithuania,2001,0.320122746,6896.462795
Lithuania,2002,0.319155676,7421.40963
Lithuania,2003,0.354564869,8272.47592
Lithuania,2004,0.352040158,8915.495573
Lithuania,2005,0.353022075,9762.560746
Lithuania,2006,0.344189871,10655.11429
Lithuania,2007,0.347971889,11980.10441
Lithuania,2008,0.370556567,12420.40211
Lithuania,2009,0.372259874,10695.4873
Lithuania,2010,0.336193059,11102.48434
Lithuania,2011,0.324910525,12041.87765
Lithuania,2012,0.350986815,12673.59485
Lithuania,2013,0.353111465,13257.00195
Lithuania,2014,0.37681442,13844.43133
Lithuania,2015,0.373752238,14258.22933
Lithuania,2016,0.38391206,14804.29689
Lithuania,2017,0.372896992,15655.69889
Lithuania,2018,0.357078077,16436.97366
Lithuania,2019,0.352531515,17234.323
Luxembourg,1985,0.266672476,47926.57034
Luxembourg,1991,0.267893972,70751.51376
Luxembourg,1994,0.269444385,74853.0329
Luxembourg,1997,0.3015988,77961.69915
Luxembourg,2000,0.304473022,92490.50834
Luxembourg,2003,0.301874724,97558.7548
Luxembourg,2004,0.301726978,100252.2429
Luxembourg,2005,0.308408079,101181.3464
Luxembourg,2006,0.309481202,105571.7146
Luxembourg,2007,0.311337503,112372.6776
Luxembourg,2008,0.325615448,110050.5255
Luxembourg,2009,0.31196918,104532.3027
Luxembourg,2010,0.305043781,106501.2181
Luxembourg,2011,0.320541196,105247.914
Luxembourg,2012,0.343471485,104445.7319
Luxembourg,2013,0.320360461,105296.6015
Luxembourg,2014,0.311583177,105541.4839
Luxembourg,2015,0.329222329,105419.6085
Luxembourg,2016,0.317279828,108307.8863
Luxembourg,2017,0.345157399,107099.0479
Luxembourg,2018,0.353680944,107158.7363
Luxembourg,2019,0.34241262,108526.374
Madagascar,1980,0.468488505,707.8533952
Madagascar,1993,0.452556975,495.7642472
Madagascar,1997,0.39468355,471.5269312
Madagascar,1999,0.386074804,481.6470827
Madagascar,2001,0.4743543,501.1184628
Madagascar,2005,0.399371791,471.1949165
Madagascar,2010,0.424174876,469.2405278
Madagascar,2012,0.426481823,464.7431741
Malawi,1997,0.657555708,293.9840084
Malawi,2004,0.398734604,287.2721539
Malawi,2010,0.454759711,358.9409028
Malawi,2016,0.446943078,379.6239342
Malawi,2019,0.38543175,401.3926721
Malaysia,1984,0.486248149,3565.6801
Malaysia,1987,0.470418365,3455.928232
Malaysia,1989,0.461685036,3905.547209
Malaysia,1992,0.476537258,4684.32565
Malaysia,1995,0.485226716,5727.115058
Malaysia,1997,0.491496623,6424.173079
Malaysia,2003,0.464162024,6727.671042
Malaysia,2006,0.447523495,7531.364872
Malaysia,2008,0.454797122,8073.934416
Malaysia,2011,0.439435968,8550.154638
Malaysia,2013,0.413488267,9179.366821
Malaysia,2015,0.410663984,9955.242722
Maldives,2002,0.413120268,6832.022434
Maldives,2009,0.383727638,8222.044459
Maldives,2016,0.312856471,9190.003255
Maldives,2019,0.292850913,10197.09284
Mali,1994,0.504412367,520.8517316
Mali,2001,0.398672826,640.530718
Mali,2006,0.38929962,696.6750709
Mali,2009,0.330379558,716.9127865
Mali,2018,0.361369201,802.0336182
Malta,2006,0.280199761,18521.55613
Malta,2007,0.292077396,19338.3447
Malta,2008,0.289955066,19948.08282
Malta,2009,0.30244797,19573.77112
Malta,2010,0.290258668,20557.64638
Malta,2011,0.291425912,20566.33643
Malta,2012,0.293604486,21221.51164
Malta,2013,0.288436638,22070.96727
Malta,2014,0.290203465,23286.12311
Malta,2015,0.294337734,24921.60368
Malta,2016,0.290891145,25354.17544
Malta,2017,0.292322386,26672.23187
Malta,2018,0.286650862,27090.93248
Malta,2019,0.310420821,27489.4212
Marshall Islands,2019,0.354829429,3586.651249
Mauritania,1987,0.439390147,1425.999774
Mauritania,1993,0.500515565,1401.362383
Mauritania,1995,0.377473629,1417.656162
Mauritania,2000,0.390284736,1296.321815
Mauritania,2004,0.401687704,1306.520068
Mauritania,2008,0.356853782,1462.3674
Mauritania,2014,0.326193499,1488.776422
Mauritius,2006,0.356534221,6592.950734
Mauritius,2012,0.384653985,8384.323785
Mauritius,2017,0.367612059,9966.769668
Mexico,1984,0.485270124,7538.894982
Mexico,1989,0.506316674,7229.120211
Mexico,1992,0.526118157,7760.905564
Mexico,1994,0.528089233,8018.721009
Mexico,1996,0.535502787,7765.604983
Mexico,1998,0.516783813,8461.492702
Mexico,2000,0.525839657,8861.869566
Mexico,2002,0.500886546,8580.887298
Mexico,2004,0.500300763,8801.321902
Mexico,2005,0.501203587,8877.851291
Mexico,2006,0.489360528,9142.804774
Mexico,2008,0.498838477,9181.399967
Mexico,2010,0.472139094,8878.561377
Mexico,2012,0.48713466,9280.258638
Mexico,2014,0.48722439,9426.324588
Mexico,2016,0.476777128,9751.569083
Mexico,2018,0.467069553,9945.776845
Mexico,2020,0.453987296,8909.677654
Micronesia (country),2005,0.423557983,3027.636329
Micronesia (country),2013,0.400576313,2896.394167
Micronesia (country) - urban,2000,0.632619692,2911.950251
Moldova,1997,0.369421464,1445.463346
Moldova,1998,0.395185501,1351.443903
Moldova,1999,0.426242066,1307.976057
Moldova,2000,0.364256907,1338.263271
Moldova,2001,0.379891935,1423.076133
Moldova,2002,0.358459072,1537.632819
Moldova,2003,0.349020853,1643.738588
Moldova,2004,0.350295666,1769.749123
Moldova,2005,0.362808379,1907.115121
Moldova,2006,0.354009266,2004.219389
Moldova,2007,0.344210409,2069.135002
Moldova,2008,0.346924431,2234.777879
Moldova,2009,0.32910908,2103.344616
Moldova,2010,0.320509202,2254.93281
Moldova,2011,0.306285757,2387.508583
Moldova,2012,0.291588393,2373.739891
Moldova,2013,0.285341589,2589.111312
Moldova,2014,0.268338526,2720.214802
Moldova,2015,0.270281581,2732.457113
Moldova,2016,0.263453868,2885.874216
Moldova,2017,0.258992448,3072.79692
Moldova,2018,0.256616481,3260.527376
Moldova,2019,0.260166467,3435.477444
Mongolia,1995,0.331953402,1451.591526
Mongolia,1998,0.302719629,1554.367705
Mongolia,2002,0.328929481,1684.619601
Mongolia,2007,0.358218714,2411.166549
Mongolia,2010,0.330812121,2629.648326
Mongolia,2011,0.338835075,3028.16166
Mongolia,2012,0.337516151,3335.793592
Mongolia,2014,0.320377899,3860.325723
Mongolia,2016,0.323457328,3858.515184
Mongolia,2018,0.327409904,4233.972689
Montenegro,2005,0.302172764,5010.949707
Montenegro,2006,0.300353596,5433.450713
Montenegro,2007,0.314480677,5795.467193
Montenegro,2008,0.304879936,6203.040775
Montenegro,2009,0.310085163,5831.045816
Montenegro,2010,0.288930967,5979.519005
Montenegro,2011,0.308198538,6166.08448
Montenegro,2012,0.32273736,5993.088089
Montenegro,2013,0.324429363,6199.727716
Montenegro,2014,0.31926522,6304.192748
Montenegro,2015,0.390050334,6514.272695
Montenegro,2016,0.384879461,6704.845008
Montenegro,2017,0.369068238,7020.287014
Montenegro,2018,0.368119267,7378.500276
Morocco,1984,0.391866366,1264.735888
Morocco,1990,0.392069034,1539.967539
Morocco,1998,0.393539138,1754.854024
Morocco,2000,0.406370084,1763.400733
Morocco,2006,0.407183025,2242.397026
Morocco,2013,0.395485087,2754.849199
Mozambique,1996,0.535598649,236.4605796
Mozambique,2002,0.470390696,340.7047523
Mozambique,2008,0.455783371,447.6843601
Mozambique,2014,0.539966816,568.5913343
Myanmar,2015,0.380685092,1225.909426
Myanmar,2017,0.306968695,1400.025372
Namibia,2003,0.633187598,3298.279719
Namibia,2009,0.609651755,3982.226394
Namibia,2015,0.590666144,4896.61526
Nauru,2012,0.347661815,5719.119571
Nepal,1984,0.300575408,384.8504041
Nepal,1995,0.352070175,500.2194334
Nepal,2003,0.437681043,594.3087027
Nepal,2010,0.328405862,742.8752512
Netherlands,1983,0.283660518,25960.04169
Netherlands,1987,0.26771622,28170.62827
Netherlands,1990,0.31090073,31093.54487
Netherlands,1993,0.304349816,32075.8044
Netherlands,1999,0.280633961,39090.6643
Netherlands,2004,0.298000261,41433.73793
Netherlands,2005,0.290482303,42184.80696
Netherlands,2006,0.300433266,43574.77519
Netherlands,2007,0.295927782,45120.52912
Netherlands,2008,0.292980122,45920.67702
Netherlands,2009,0.278819972,44009.89998
Netherlands,2010,0.278452473,44372.65591
Netherlands,2011,0.277500869,44851.27193
Netherlands,2012,0.276209308,44225.18435
Netherlands,2013,0.281064794,44037.59054
Netherlands,2014,0.286314187,44503.99321
Netherlands,2015,0.282415795,45175.23189
Netherlands,2016,0.281735698,45920.31402
Netherlands,2017,0.285358194,46978.4488
Netherlands,2018,0.281210804,47807.58895
Netherlands,2019,0.292483328,48424.25384
Nicaragua,1993,0.490617498,1173.810427
Nicaragua,1998,0.449973091,1338.680813
Nicaragua,2001,0.429982022,1465.744127
Nicaragua,2005,0.405319877,1573.053035
Nicaragua,2009,0.43942161,1630.088517
Nicaragua,2014,0.461562942,1981.747734
Niger,1992,0.36097543,457.6529131
Niger,1994,0.415259648,436.9583239
Niger,2005,0.444254442,411.1275495
Niger,2007,0.373044542,416.746825
Niger,2011,0.314517146,436.549668
Niger,2014,0.34276576,482.1362248
Niger,2018,0.372810449,513.6267859
Nigeria,1985,0.386778506,1433.434061
Nigeria,1992,0.449840537,1585.603467
Nigeria,1996,0.519222464,1437.216194
Nigeria,2003,0.400635793,1763.69398
Nigeria,2010,0.356502097,2403.645256
Nigeria,2012,0.355130072,2500.641181
Nigeria,2015,0.358797787,2687.480056
Nigeria,2018,0.351277428,2512.192392
North Macedonia,1998,0.281285783,3038.138466
North Macedonia,2000,0.342638721,3283.377863
North Macedonia,2002,0.385090683,3240.109187
North Macedonia,2003,0.387223932,3301.312133
North Macedonia,2004,0.384325517,3445.806886
North Macedonia,2005,0.393052501,3600.952284
North Macedonia,2006,0.426425032,3779.675026
North Macedonia,2008,0.461416256,4230.733086
North Macedonia,2009,0.427644552,4207.804898
North Macedonia,2010,0.40160622,4339.96438
North Macedonia,2011,0.393741066,4433.887466
North Macedonia,2012,0.381365174,4408.296437
North Macedonia,2013,0.362429362,4530.682107
North Macedonia,2014,0.352054345,4687.296388
North Macedonia,2015,0.355946591,4861.553971
North Macedonia,2016,0.345346906,4994.558952
North Macedonia,2017,0.342002031,5043.692248
North Macedonia,2018,0.329607025,5184.694471
Norway,1979,0.268947587,38434.47154
Norway,1986,0.24630483,48432.58677
Norway,1991,0.252275847,51032.06029
Norway,1995,0.260205324,58151.59918
Norway,2000,0.273587853,67437.74336
Norway,2003,0.276272937,69327.42654
Norway,2004,0.315790769,71654.63653
Norway,2005,0.305975573,73036.74036
Norway,2006,0.263541735,74189.56678
Norway,2007,0.270908142,75624.4412
Norway,2008,0.269965325,75043.52946
Norway,2009,0.261583686,72823.30244
Norway,2010,0.257239667,72426.56522
Norway,2011,0.253003652,72194.781
Norway,2012,0.257262609,73178.78495
Norway,2013,0.263612033,73046.90503
Norway,2014,0.267526268,73650.31354
Norway,2015,0.274968957,74355.51586
Norway,2016,0.284937455,74493.11794
Norway,2017,0.269873302,75610.64948
Norway,2018,0.275608623,75953.58195
Norway,2019,0.277422833,76005.22479
Pakistan,1987,0.333168973,876.8135037
Pakistan,1990,0.332486609,934.3082827
Pakistan,1996,0.286649887,1017.963826
Pakistan,1998,0.331232927,1009.35927
Pakistan,2001,0.28653021,1039.469986
Pakistan,2004,0.308861069,1152.287152
Pakistan,2005,0.312612538,1195.996492
Pakistan,2007,0.296695024,1243.000053
Pakistan,2010,0.287808638,1242.30546
Pakistan,2011,0.29697957,1254.018326
Pakistan,2013,0.295285731,1306.544634
Pakistan,2015,0.312912658,1379.377851
Pakistan,2018,0.295892656,1496.272474
Palestine,2004,0.340446605,2426.415656
Palestine,2005,0.347426243,2632.246274
Palestine,2006,0.339592828,2540.267631
Palestine,2007,0.356060773,2569.984341
Palestine,2009,0.344639746,2840.01595
Palestine,2010,0.352944325,2927.08102
Palestine,2011,0.344152375,3128.108111
Palestine,2016,0.336900405,3483.099035
Panama,1979,0.487401423,5079.384217
Panama,1989,0.589077098,4858.263102
Panama,1991,0.582196174,5510.238302
Panama,1995,0.578112249,6059.829352
Panama,1997,0.582317286,6445.771466
Panama,1998,0.574808364,6780.216921
Panama,1999,0.564557769,6906.18804
Panama,2000,0.566390158,6955.28522
Panama,2001,0.567452804,6860.948838
Panama,2002,0.561019756,6881.250922
Panama,2003,0.556627882,7036.882134
Panama,2004,0.547801252,7426.650988
Panama,2005,0.538114703,7815.225209
Panama,2006,0.546454024,8337.585391
Panama,2007,0.526892591,9169.15312
Panama,2008,0.526933836,9893.695548
Panama,2009,0.517711725,9840.332935
Panama,2010,0.516097618,10232.3599
Panama,2011,0.513483149,11193.99032
Panama,2012,0.517399561,12079.54467
Panama,2013,0.51457195,12695.23487
Panama,2014,0.504668693,13113.26647
Panama,2015,0.508066631,13630.30114
Panama,2016,0.504077338,14062.44366
Panama,2017,0.498885026,14596.74109
Panama,2018,0.492124734,14880.66278
Panama,2019,0.49838336,15073.00076
Papua New Guinea,1996,0.457713526,2257.19769
Papua New Guinea,2009,0.418507883,2076.615061
Paraguay,1990,0.408393434,3879.370653
Paraguay,1995,0.581590394,4261.828555
Paraguay,1997,0.548924318,4312.79104
Paraguay,1999,0.545774652,4078.667462
Paraguay,2001,0.54629301,3796.677814
Paraguay,2002,0.572762901,3724.835556
Paraguay,2003,0.549383523,3816.086582
Paraguay,2004,0.522628136,3903.309121
Paraguay,2005,0.513817921,3922.558526
Paraguay,2006,0.529954886,4049.162522
Paraguay,2007,0.530412063,4208.04873
Paraguay,2008,0.507047521,4420.35043
Paraguay,2009,0.491457622,4349.674295
Paraguay,2010,0.509824377,4767.277902
Paraguay,2011,0.523099316,4904.146907
Paraguay,2012,0.47633563,4803.050296
Paraguay,2013,0.479360312,5130.453891
Paraguay,2014,0.50702645,5329.369797
Paraguay,2015,0.476059093,5413.776021
Paraguay,2016,0.478997177,5570.605349
Paraguay,2017,0.485474929,5762.732645
Paraguay,2018,0.459551019,5871.281311
Paraguay,2019,0.456506375,5774.16616
Paraguay,2020,0.43481944,5670.751986
Peru,1985,0.456349824,3326.760283
Peru,1994,0.440239887,3002.396338
Peru,1997,0.532593639,3339.541775
Peru,1998,0.551215183,3268.499801
Peru,1999,0.548288923,3263.90508
Peru,2000,0.490733633,3303.500937
Peru,2001,0.513063335,3281.82409
Peru,2002,0.535659229,3422.27535
Peru,2003,0.530813275,3529.487343
Peru,2004,0.498808504,3670.691381
Peru,2005,0.504513566,3867.5274
Peru,2006,0.503328575,4123.797525
Peru,2007,0.500220408,4438.593961
Peru,2008,0.474873379,4804.804797
Peru,2009,0.470065807,4818.597212
Peru,2010,0.455379256,5177.841284
Peru,2011,0.446601519,5460.935651
Peru,2012,0.444404087,5748.590835
Peru,2013,0.438828966,6030.420249
Peru,2014,0.431392253,6109.156884
Peru,2015,0.433564001,6229.100674
Peru,2016,0.436392562,6380.025857
Peru,2017,0.4329279,6432.924329
Peru,2018,0.423876479,6574.31669
Peru,2019,0.415627846,6611.492764
Peru,2020,0.43794137,5792.18794
Philippines,1985,0.410374355,1564.217497
Philippines,1988,0.407462674,1664.339735
Philippines,1991,0.438235514,1680.594907
Philippines,1994,0.428883875,1675.096635
Philippines,1997,0.459622075,1821.902309
Philippines,2000,0.427994724,1830.913244
Philippines,2003,0.414946578,1931.108801
Philippines,2006,0.428588396,2149.329938
Philippines,2009,0.417603385,2304.836545
Philippines,2012,0.422243295,2610.967768
Philippines,2015,0.403514992,3001.043182
Philippines,2018,0.378117062,3500.933789
Poland,1985,0.251649662,4970.384167
Poland,1986,0.27984542,5112.445594
Poland,1987,0.255251278,5203.52401
Poland,1989,0.268924724,5568.472822
Poland,1992,0.292985629,4848.508934
Poland,1993,0.266988985,5016.979239
Poland,1995,0.346447211,5638.14491
Poland,1996,0.326554205,5978.389466
Poland,1998,0.323187391,6652.530195
Poland,1999,0.325903704,6962.771943
Poland,2000,0.329655369,7356.775398
Poland,2001,0.328490263,7451.414156
Poland,2002,0.340502059,7606.639999
Poland,2003,0.349113337,7878.065734
Poland,2004,0.354260608,8275.45679
Poland,2005,0.344925793,8569.429971
Poland,2006,0.337091161,9100.598829
Poland,2007,0.335089389,9748.534077
Poland,2008,0.33717042,10156.58426
Poland,2009,0.33578089,10437.16185
Poland,2010,0.332188336,10858.53483
Poland,2011,0.327763434,11369.02962
Poland,2012,0.323912772,11519.68501
Poland,2013,0.325495204,11656.40309
Poland,2014,0.320801538,12059.24671
Poland,2015,0.318235289,12578.49547
Poland,2016,0.307963476,12979.25526
Poland,2017,0.302965813,13604.54047
Poland,2018,0.311410486,14332.91589
Poland,2019,0.302394724,15016.6733
Portugal,2003,0.387753517,18811.87683
Portugal,2004,0.389388362,19102.63698
Portugal,2005,0.384800724,19216.30507
Portugal,2006,0.380607799,19493.39197
Portugal,2007,0.367501832,19942.82228
Portugal,2008,0.36634151,19977.6625
Portugal,2009,0.349074152,19335.50252
Portugal,2010,0.358446705,19662.45203
Portugal,2011,0.363446774,19357.39531
Portugal,2012,0.360347924,18647.45676
Portugal,2013,0.361871044,18577.08158
Portugal,2014,0.355621728,18825.47945
Portugal,2015,0.355233023,19242.36647
Portugal,2016,0.351905183,19692.98868
Portugal,2017,0.338038412,20433.26671
Portugal,2018,0.334925626,21049.15065
Portugal,2019,0.327627472,21608.71971
Romania,1989,0.233073034,5300.127179
Romania,1992,0.254617279,4040.701871
Romania,1994,0.282005825,4275.803541
Romania,1995,0.311580259,4551.535548
Romania,1997,0.305044268,4526.061027
Romania,1998,0.310832401,4443.377859
Romania,1999,0.294176679,4433.595738
Romania,2000,0.293238638,4548.602113
Romania,2001,0.294290588,4853.207153
Romania,2002,0.302299389,5224.762356
Romania,2003,0.299112872,5385.787643
Romania,2004,0.300393721,5981.407996
Romania,2005,0.298193913,6299.409918
Romania,2006,0.304642964,6845.611332
Romania,2007,0.302072898,7450.054733
Romania,2008,0.295838115,8280.304395
Romania,2009,0.281893464,7888.895847
Romania,2010,0.281582378,7626.294198
Romania,2011,0.272115199,7809.976847
Romania,2012,0.273342376,8004.909206
Romania,2013,0.274506993,8337.673611
Romania,2014,0.360115397,8670.975807
Romania,2015,0.359138906,8969.148921
Romania,2016,0.283457048,9444.994917
Romania,2017,0.360168279,10195.07473
Romania,2018,0.287828663,10714.01536
Romania,2019,0.348042001,11221.70839
Russia,1993,0.483757379,5798.909737
Russia,1996,0.461034633,4686.858832
Russia,1997,0.384092334,4760.335223
Russia,1998,0.381370395,4515.50564
Russia,1999,0.37443444,4819.376403
Russia,2000,0.370928293,5323.662359
Russia,2001,0.369251149,5618.950846
Russia,2002,0.372838298,5910.166842
Russia,2003,0.399715701,6370.448579
Russia,2004,0.403158422,6856.67259
Russia,2005,0.412656056,7323.379289
Russia,2006,0.409509505,7949.890356
Russia,2007,0.42272473,8640.398801
Russia,2008,0.415685851,9093.692616
Russia,2009,0.398456009,8381.861175
Russia,2010,0.395489776,8755.113368
Russia,2011,0.397493144,9124.467601
Russia,2012,0.407148269,9475.682559
Russia,2013,0.408844243,9621.509885
Russia,2014,0.398812219,9520.940335
Russia,2015,0.377408416,9313.013625
Russia,2016,0.368484993,9313.968066
Russia,2017,0.37239071,9473.180096
Russia,2018,0.374730062,9739.899916
Russia,2019,0.376914373,9942.374057
Russia,2020,0.360298092,9666.814664
Rwanda,2000,0.485472726,344.9399779
Rwanda,2005,0.520394142,456.590745
Rwanda,2010,0.472224139,599.2074262
Rwanda,2013,0.451128319,683.401662
Rwanda,2016,0.437100478,775.4756879
Rwanda - rural,1984,0.288985949,409.6707304
Saint Lucia,1995,0.425843806,8919.69657
Saint Lucia,2016,0.512333078,10409.5373
Samoa,2002,0.407355197,3676.139687
Samoa,2008,0.420465486,4210.963704
Samoa,2013,0.387318098,3944.876887
Sao Tome and Principe,2000,0.321258935,1073.896625
Sao Tome and Principe,2010,0.30821269,1402.302102
Sao Tome and Principe,2017,0.40749592,1651.012017
Senegal,1991,0.541373585,1012.544215
Senegal,1994,0.41440712,952.699964
Senegal,2001,0.412294356,1086.176314
Senegal,2005,0.392222819,1133.71699
Senegal,2011,0.402852251,1133.193343
Senegal,2018,0.381224724,1360.239278
Serbia,2002,0.327437534,3640.275863
Serbia,2003,0.32828977,3808.094977
Serbia,2004,0.354736496,4161.59616
Serbia,2005,0.364604233,4404.960887
Serbia,2006,0.29729479,4648.198088
Serbia,2007,0.287066993,4967.620857
Serbia,2008,0.275614211,5270.959534
Serbia,2009,0.279741493,5147.570156
Serbia,2010,0.290166053,5206.087957
Serbia,2012,0.399246587,5343.580053
Serbia,2013,0.290171138,5524.969135
Serbia,2014,0.40494145,5462.73603
Serbia,2015,0.285157361,5588.980728
Serbia,2016,0.388324969,5805.899396
Serbia,2017,0.361518969,5959.522673
Serbia,2018,0.303510575,6261.527139
Serbia,2019,0.289532461,6567.909564
Seychelles,1999,0.42776691,10880.09669
Seychelles,2006,0.427676166,11322.41466
Seychelles,2013,0.468227879,13964.56113
Seychelles,2018,0.321253197,15866.90714
Sierra Leone,2003,0.40167732,459.8033005
Sierra Leone,2011,0.340302393,556.8468994
Sierra Leone,2018,0.356901776,630.4824554
Slovakia,1992,0.201865781,6652.227284
Slovakia,1996,0.262776853,8021.159647
Slovakia,2004,0.289373885,10712.86216
Slovakia,2005,0.29834425,11421.30417
Slovakia,2006,0.277095102,12390.76604
Slovakia,2007,0.280048336,13728.93094
Slovakia,2008,0.268743958,14481.87906
Slovakia,2009,0.260160967,13673.58207
Slovakia,2010,0.273157199,14520.56149
Slovakia,2011,0.265383783,14884.32285
Slovakia,2012,0.261162957,15060.83278
Slovakia,2013,0.280862088,15143.1646
Slovakia,2014,0.26106635,15540.63222
Slovakia,2015,0.264916569,16335.6454
Slovakia,2016,0.251677467,16629.74464
Slovakia,2017,0.23237751,17098.78782
Slovakia,2018,0.249701475,17723.02119
Slovakia,2019,0.232323245,18160.17889
Slovenia,1987,0.235983699,15803.20407
Slovenia,1993,0.291849925,12108.03828
Slovenia,1997,0.241215008,14415.77671
Slovenia,1998,0.284066834,14921.03265
Slovenia,1999,0.240428866,15705.49899
Slovenia,2002,0.291216106,17294.97706
Slovenia,2003,0.308660228,17796.21961
Slovenia,2004,0.247907384,18560.09658
Slovenia,2005,0.246348632,19231.66415
Slovenia,2006,0.243639268,20271.99768
Slovenia,2007,0.243547532,21566.07868
Slovenia,2008,0.23718019,22287.73996
Slovenia,2009,0.247877353,20419.95612
Slovenia,2010,0.249332595,20604.30164
Slovenia,2011,0.248680337,20738.64647
Slovenia,2012,0.255855023,20148.90054
Slovenia,2013,0.262411044,19914.46388
Slovenia,2014,0.256575347,20445.60933
Slovenia,2015,0.254084646,20881.76693
Slovenia,2016,0.247579359,21532.51516
Slovenia,2017,0.242193073,22554.68652
Slovenia,2018,0.246333645,23466.93053
Slovenia,2019,0.243842324,24061.60388
Solomon Islands,2005,0.460968521,1826.661574
Solomon Islands,2012,0.37054927,2177.540987
Somalia,2017,0.368224051,406.4272313
South Africa,1993,0.593339364,4581.218275
South Africa,2000,0.577696618,4930.025466
South Africa,2005,0.647624886,5587.793352
South Africa,2008,0.630089973,6170.905329
South Africa,2010,0.63383188,6084.967978
South Africa,2014,0.630260727,6273.566318
South Korea,2006,0.317029842,22192.18512
South Korea,2008,0.323248326,23882.7305
South Korea,2010,0.320212246,25451.00416
South Korea,2012,0.315580517,26675.44017
South Korea,2014,0.311929046,28094.9177
South Korea,2016,0.314048565,29461.78401
South Sudan,2009,0.463406607,2335.816744
South Sudan,2016,0.441441282,974.7159056
Spain,1980,0.344835462,14721.56758
Spain,1985,0.344316743,15375.87454
Spain,1990,0.32023741,18962.44605
Spain,1995,0.366541199,19994.02769
Spain,2000,0.342510455,23928.67166
Spain,2003,0.31804665,25300.62134
Spain,2004,0.333052924,25644.38323
Spain,2005,0.324356387,26135.65158
Spain,2006,0.335452265,26751.88141
Spain,2007,0.34138834,27207.87312
Spain,2008,0.342215725,27014.81478
Spain,2009,0.349261256,25768.92618
Spain,2010,0.352468371,25692.36964
Spain,2011,0.356986043,25392.74712
Spain,2012,0.354063304,24625.27029
Spain,2013,0.361851672,24351.46219
Spain,2014,0.360544135,24762.38087
Spain,2015,0.361814192,25732.01836
Spain,2016,0.357598942,26489.65868
Spain,2017,0.346545469,27213.45167
Spain,2018,0.347189473,27714.65755
Spain,2019,0.343058368,28091.01233
Sri Lanka,1985,0.324678544,1134.085759
Sri Lanka,1990,0.324474329,1253.719335
Sri Lanka,1995,0.353995391,1548.549212
Sri Lanka,2002,0.401719063,1939.346218
Sri Lanka,2006,0.396690194,2398.43236
Sri Lanka,2009,0.360541525,2750.201906
Sri Lanka,2012,0.387136085,3462.936684
Sri Lanka,2016,0.393457734,3972.10259
Sudan,2009,0.35395337,1328.226518
Sudan,2014,0.342431971,1336.501782
Suriname - urban,1999,0.578514039,6147.474345
Sweden,1967,0.339738567,21351.29735
Sweden,1975,0.242854695,27202.34389
Sweden,1981,0.229235733,28750.80383
Sweden,1987,0.23057627,33214.95763
Sweden,1992,0.249087335,33352.53836
Sweden,1995,0.252365056,34648.11892
Sweden,2000,0.272364418,41117.15243
Sweden,2003,0.252697464,43194.92617
Sweden,2004,0.261421744,44891.32321
Sweden,2005,0.268256759,45990.37433
Sweden,2006,0.263524928,47864.81086
Sweden,2007,0.271161052,49145.19583
Sweden,2008,0.281213356,48544.11589
Sweden,2009,0.273414697,46043.48094
Sweden,2010,0.277381608,48369.91004
Sweden,2011,0.276066224,49539.97261
Sweden,2012,0.276453794,48885.54842
Sweden,2013,0.288252206,49048.81875
Sweden,2014,0.283897227,49855.30101
Sweden,2015,0.292101908,51545.48361
Sweden,2016,0.295621745,51955.86107
Sweden,2017,0.287746034,52576.81028
Sweden,2018,0.299741887,52983.00686
Sweden,2019,0.293055749,53490.35182
Switzerland,1982,0.360073734,59373.74151
Switzerland,1992,0.338564081,67909.60105
Switzerland,2000,0.334310552,74013.05641
Switzerland,2002,0.316867314,74138.08348
Switzerland,2006,0.339188077,79367.90023
Switzerland,2007,0.342555348,81804.86184
Switzerland,2008,0.337946999,82997.69216
Switzerland,2009,0.328558563,80262.48564
Switzerland,2010,0.325530304,82026.72451
Switzerland,2011,0.317136185,82677.59903
Switzerland,2012,0.315671265,82800.07408
Switzerland,2013,0.324621873,83344.52337
Switzerland,2014,0.325256587,84348.39282
Switzerland,2015,0.323069572,84776.14217
Switzerland,2016,0.33042451,85570.39606
Switzerland,2017,0.32676334,86119.14537
Switzerland,2018,0.33141051,87980.67069
Syria,1996,0.351693822,1281.478318
Syria,2003,0.375146032,1331.340117
Taiwan,1981,0.299694825,8705.05
Taiwan,1986,0.297079558,11931.17
Taiwan,1991,0.299678021,17108.97
Taiwan,1995,0.313241425,21863.83
Taiwan,1997,0.308221064,24182.69
Taiwan,2000,0.311114764,27909.03
Taiwan,2005,0.32179585,33358.05
Taiwan,2007,0.321245681,37391.42
Taiwan,2010,0.332133257,40521.89
Taiwan,2013,0.324873852,43612.48
Taiwan,2016,0.314827156,47008.92
Tajikistan,1999,0.29543138,407.3001484
Tajikistan,2003,0.32722693,556.2689651
Tajikistan,2004,0.336019493,602.4359602
Tajikistan,2007,0.321916144,699.4219212
Tajikistan,2009,0.307749544,751.9463107
Tajikistan,2015,0.339957181,978.4049812
Tanzania,1991,0.352922222,553.526369
Tanzania,2000,0.373011278,567.5401616
Tanzania,2007,0.402790969,744.5248611
Tanzania,2011,0.377831495,844.9060939
Tanzania,2018,0.4049123,1042.987717
Thailand,1981,0.452168213,1482.708866
Thailand,1988,0.43838599,2104.071484
Thailand,1990,0.452656486,2546.846848
Thailand,1992,0.478579578,2923.543322
Thailand,1994,0.434702118,3356.098023
Thailand,1996,0.429049214,3753.702137
Thailand,1998,0.414557947,3292.018947
Thailand,1999,0.430915875,3403.114955
Thailand,2000,0.428336678,3517.798914
Thailand,2002,0.419444959,3795.410729
Thailand,2004,0.425403126,4262.518807
Thailand,2006,0.418190339,4603.752447
Thailand,2007,0.397615164,4826.871477
Thailand,2008,0.402882739,4884.417785
Thailand,2009,0.396012638,4826.321427
Thailand,2010,0.394027714,5163.597664
Thailand,2011,0.374590334,5182.042369
Thailand,2012,0.392566692,5531.349019
Thailand,2013,0.378471082,5654.28542
Thailand,2014,0.37032664,5685.402121
Thailand,2015,0.359873327,5840.053067
Thailand,2016,0.368906279,6018.177484
Thailand,2017,0.36528755,6247.992078
Thailand,2018,0.364121734,6489.257186
Thailand,2019,0.34855722,6617.542822
Thailand,2020,0.349858159,6198.414269
Timor,2001,0.359352922,1075.037715
Timor,2007,0.27823316,932.6149467
Timor,2014,0.286529264,1321.235802
Togo,2006,0.422125752,467.6141135
Togo,2011,0.46020582,500.5705222
Togo,2015,0.430561394,570.9099672
Togo,2018,0.423522255,612.785751
Tonga,2000,0.37690176,3731.182707
Tonga,2009,0.374964878,3755.559646
Tonga,2015,0.375874392,4470.41412
Trinidad and Tobago,1988,0.426013111,6366.622651
Trinidad and Tobago,1992,0.402729692,7084.139707
Tunisia,1985,0.434337664,2077.739726
Tunisia,1990,0.402351168,2135.535594
Tunisia,1995,0.416572967,2331.750948
Tunisia,2000,0.408094782,2881.283835
Tunisia,2005,0.377333825,3350.563726
Tunisia,2010,0.358082561,3975.729073
Tunisia,2015,0.328158825,4094.836287
Turkey,1987,0.434770847,5039.307807
Turkey,1994,0.413152024,5445.852578
Turkey,2002,0.413963778,6373.131907
Turkey,2003,0.421843381,6644.145903
Turkey,2004,0.41287508,7194.682026
Turkey,2005,0.426146563,7738.578215
Turkey,2006,0.396474127,8173.536251
Turkey,2007,0.38442799,8483.966136
Turkey,2008,0.3902054,8451.479111
Turkey,2009,0.389653091,7942.031331
Turkey,2010,0.387850803,8491.588652
Turkey,2011,0.400393548,9299.137303
Turkey,2012,0.401689369,9586.769088
Turkey,2013,0.401784979,10225.71609
Turkey,2014,0.412365629,10549.67606
Turkey,2015,0.428544577,11006.27952
Turkey,2016,0.418737048,11187.05364
Turkey,2017,0.414056667,11835.26111
Turkey,2018,0.418775203,12006.81588
Turkey,2019,0.419091087,11955.43346
Turkmenistan,1998,0.408069274,1905.622155
Tuvalu,2010,0.391390334,2820.600923
Uganda,1989,0.443627175,369.2510994
Uganda,1992,0.414293604,391.4322625
Uganda,1996,0.390437186,477.7679846
Uganda,1999,0.430037543,516.4777282
Uganda,2002,0.451723258,564.0774169
Uganda,2005,0.429447399,632.912237
Uganda,2009,0.441955593,759.0184733
Uganda,2012,0.410099667,819.496967
Uganda,2016,0.427536926,853.0296868
Uganda,2019,0.427054538,892.9081354
Ukraine,1992,0.297089214,2547.287897
Ukraine,1993,0.289269836,2184.366702
Ukraine,1995,0.392875361,1497.809915
Ukraine,1996,0.351559473,1360.041841
Ukraine,1999,0.289614644,1327.56721
Ukraine,2002,0.290456955,1660.477795
Ukraine,2003,0.286648936,1833.313878
Ukraine,2004,0.289340164,2065.166197
Ukraine,2005,0.290207136,2144.247845
Ukraine,2006,0.297943923,2322.244681
Ukraine,2007,0.270126865,2528.081134
Ukraine,2008,0.266382302,2598.832985
Ukraine,2009,0.253166637,2215.271969
Ukraine,2010,0.248189756,2315.099789
Ukraine,2011,0.245518438,2449.957703
Ukraine,2012,0.247406569,2459.75688
Ukraine,2013,0.245549855,2466.484154
Ukraine,2014,0.240253659,2346.236976
Ukraine,2015,0.254575403,2124.662319
Ukraine,2016,0.25002203,2185.317133
Ukraine,2017,0.260490491,2246.738642
Ukraine,2018,0.260714857,2336.976329
Ukraine,2019,0.266194663,2425.634642
Ukraine,2020,0.256273613,2344.363068
United Arab Emirates,2013,0.325104209,35495.76527
United Kingdom,1969,0.336724253,18561.72829
United Kingdom,1974,0.299772351,21824.75956
United Kingdom,1979,0.284272222,24504.38143
United Kingdom,1986,0.318854672,27602.94391
United Kingdom,1991,0.359274003,31025.92262
United Kingdom,1994,0.359789229,32901.2473
United Kingdom,1995,0.355166401,33645.0733
United Kingdom,1996,0.352952405,34374.52022
United Kingdom,1997,0.357351644,35969.21495
United Kingdom,1998,0.366214727,36995.70943
United Kingdom,1999,0.367837793,37975.09986
United Kingdom,2000,0.396101349,39229.26846
United Kingdom,2001,0.379033709,39888.49926
United Kingdom,2002,0.357194582,40563.33732
United Kingdom,2003,0.355040542,41598.21174
United Kingdom,2004,0.360015022,42336.55418
United Kingdom,2005,0.342732671,43137.25515
United Kingdom,2006,0.346089371,43927.88602
United Kingdom,2007,0.356976124,44576.36766
United Kingdom,2008,0.341424672,44120.92954
United Kingdom,2009,0.342699528,41928.60985
United Kingdom,2010,0.343899337,42487.92541
United Kingdom,2011,0.331652452,42771.64112
United Kingdom,2012,0.323450972,43099.59735
United Kingdom,2013,0.332089732,43621.05923
United Kingdom,2014,0.340489265,44596.18975
United Kingdom,2015,0.332350808,45404.56777
United Kingdom,2016,0.347796148,46081.71529
United Kingdom,2017,0.351488307,46746.64189
United States,1974,0.353434656,27691.02017
United States,1979,0.345001938,31523.40568
United States,1986,0.373515096,35864.82439
United States,1991,0.380459151,38715.26169
United States,1992,0.38373883,39526.9708
United States,1993,0.403645427,40082.60482
United States,1994,0.399868036,41189.23836
United States,1995,0.398549953,41794.19221
United States,1996,0.403097324,42869.24717
United States,1997,0.40525718,44212.16704
United States,1998,0.399536102,45658.1366
United States,1999,0.399858204,47282.28468
United States,2000,0.401406851,48689.03129
United States,2001,0.405967813,48690.80794
United States,2002,0.403544463,49081.35879
United States,2003,0.407725912,50053.6241
United States,2004,0.402533539,51476.48879
United States,2005,0.409653696,52796.08982
United States,2006,0.41398576,53782.29729
United States,2007,0.407985674,54272.71955
United States,2008,0.408121927,53688.36514
United States,2009,0.406108136,51869.70631
United States,2010,0.40010713,52759.99808
United States,2011,0.409371125,53190.23112
United States,2012,0.409368614,53989.24834
United States,2013,0.406520119,54604.13005
United States,2014,0.41511606,55574.35682
United States,2015,0.412387776,56863.3715
United States,2016,0.41121886,57418.93385
United States,2017,0.411805587,58387.77581
United States,2018,0.414078436,59821.59227
United States,2019,0.415355669,60836.77145
Uruguay,2006,0.459415902,10574.93235
Uruguay,2007,0.464051328,11245.21946
Uruguay,2008,0.450817799,12021.63842
Uruguay,2009,0.455416817,12496.40299
Uruguay,2010,0.444750164,13433.06207
Uruguay,2011,0.421753176,14086.0179
Uruguay,2012,0.399005725,14541.03267
Uruguay,2013,0.40450911,15168.41863
Uruguay,2014,0.401110826,15609.02105
Uruguay,2015,0.401287699,15613.74597
Uruguay,2016,0.396955003,15821.35902
Uruguay,2017,0.394645312,16020.3805
Uruguay,2018,0.396872398,16037.93211
Uruguay,2019,0.39676545,16036.2964
Uruguay,2020,0.401521436,15044.64003
Uruguay - urban,1981,0.436454285,8312.705672
Uruguay - urban,1989,0.423693595,7734.05067
Uruguay - urban,1992,0.414681371,8487.60965
Uruguay - urban,1995,0.40926679,9012.815847
Uruguay - urban,1996,0.407513948,9447.835382
Uruguay - urban,1997,0.414567729,10183.98269
Uruguay - urban,1998,0.424823986,10576.6054
Uruguay - urban,2000,0.42905604,10083.464
Uruguay - urban,2001,0.450076843,9679.115577
Uruguay - urban,2002,0.455443754,8929.181737
Uruguay - urban,2003,0.450338324,9007.546021
Uruguay - urban,2004,0.458811549,9464.491619
Uruguay - urban,2005,0.447278023,10169.59687
Uzbekistan,1998,0.446731737,1208.292645
Uzbekistan,2000,0.361028142,1276.760315
Uzbekistan,2002,0.330436809,1348.763795
Uzbekistan,2003,0.352687973,1389.587208
Vanuatu,2010,0.373512982,2855.868093
Vanuatu,2019,0.323175748,2900.488144
Venezuela,1981,0.556098621,19413.76
Venezuela,1987,0.53447969,18258.63
Venezuela,1989,0.438382759,15941.9
Venezuela,1992,0.421035492,18235.91
Venezuela,1995,0.472122583,17364.32
Venezuela,1998,0.480637821,17385.75
Venezuela,1999,0.477622883,16027.2
Venezuela,2001,0.472314213,16343.75
Venezuela,2002,0.49013414,14654.61
Venezuela,2003,0.481023205,13301.81
Venezuela,2004,0.475041249,15485.93
Venezuela,2005,0.494591771,16817.62
Venezuela,2006,0.447704983,18193.57
Vietnam,1992,0.356545588,598.3722419
Vietnam,1997,0.354422075,837.846319
Vietnam,2002,0.370296242,1058.985147
Vietnam,2004,0.367858307,1194.960504
Vietnam,2006,0.357886156,1349.563698
Vietnam,2008,0.355703125,1498.838365
Vietnam,2010,0.392527248,1648.2618
Vietnam,2012,0.356458864,1805.36117
Vietnam,2014,0.347553755,1975.079058
Vietnam,2016,0.352667389,2191.819699
Vietnam,2018,0.357155461,2456.791224
Yemen,1998,0.349977864,2289.372461
Yemen,2005,0.347323343,2536.188835
Yemen,2014,0.367070943,2282.691868
Zambia,1991,0.605061914,829.2291125
Zambia,1993,0.526086119,829.0643738
Zambia,1996,0.483336826,767.4077435
Zambia,1998,0.491337762,751.2360671
Zambia,2002,0.420619261,808.44024
Zambia,2004,0.542947813,879.0053977
Zambia,2006,0.546175053,965.0655707
Zambia,2010,0.556214912,1214.694994
Zambia,2015,0.571360584,1338.290927
Zimbabwe,2011,0.431535751,1248.729206
Zimbabwe,2017,0.443370821,1479.376056
Zimbabwe,2019,0.50256451,1414.829099
